model,seed,epoch,loss_type,loss_value
gnn,13,1,train,1.1963151090043418
gnn,13,1,val,1.0623746979264967
gnn,13,2,train,1.0533573117374526
gnn,13,2,val,0.8392612150530665
gnn,13,3,train,1.2045997801377253
gnn,13,3,val,0.8939404758612478
gnn,13,4,train,0.9606043675803313
gnn,13,4,val,0.7902116075295359
gnn,13,5,train,1.0321859282820682
gnn,13,5,val,0.7986022547179039
gnn,13,6,train,1.0315513998981825
gnn,13,6,val,0.8253986590220977
gnn,13,7,train,0.8729927824256967
gnn,13,7,val,0.6697802674489508
gnn,13,8,train,0.8944377948409347
gnn,13,8,val,0.6169849639752127
gnn,13,9,train,0.7288254627470784
gnn,13,9,val,0.6552698032049153
gnn,13,10,train,0.7407450937758948
gnn,13,10,val,0.6086041333764808
gnn,13,11,train,0.6453518370341175
gnn,13,11,val,0.5676597080822406
gnn,13,12,train,0.7565289909507382
gnn,13,12,val,0.4371926805542483
gnn,13,13,train,0.7235217424718962
gnn,13,13,val,0.507729644325312
gnn,13,14,train,0.5609104970082455
gnn,13,14,val,0.5060158244239052
gnn,13,15,train,0.5182101820565257
gnn,13,15,val,0.4102489144243491
gnn,13,16,train,0.5289317261262182
gnn,13,16,val,0.4493902664414305
gnn,13,17,train,0.5325871517217067
gnn,13,17,val,0.4919482789487475
gnn,13,18,train,0.45997236589905627
gnn,13,18,val,0.4165920909163706
gnn,13,19,train,0.5477980217971983
gnn,13,19,val,0.45504570739722505
gnn,13,20,train,0.4580890835780807
gnn,13,20,val,0.4830963109023956
gnn,13,21,train,0.4845287710949109
gnn,13,21,val,0.32903174929132994
gnn,13,22,train,0.35082503311255314
gnn,13,22,val,0.40864653962479586
gnn,13,23,train,0.33878333728346816
gnn,13,23,val,0.39951650343490264
gnn,13,24,train,0.43824451410606946
gnn,13,24,val,0.3819777236483304
gnn,13,25,train,0.3559506328744932
gnn,13,25,val,0.39563914608816186
gnn,13,26,train,0.37131536653693087
gnn,13,26,val,0.34638300773412206
gnn,13,27,train,0.3665521391508078
gnn,13,27,val,0.41061572921876166
gnn,13,28,train,0.3230809392536652
gnn,13,28,val,0.3459695403368056
gnn,13,29,train,0.38046823561509374
gnn,13,29,val,0.32771168375617205
gnn,13,30,train,0.3209745518934466
gnn,13,30,val,0.3088056964442206
gnn,13,31,train,0.3688720181696582
gnn,13,31,val,0.3979882245951569
gnn,13,32,train,0.30501196595528857
gnn,13,32,val,0.3437621778833337
gnn,13,33,train,0.28371417805517146
gnn,13,33,val,0.30736356441585533
gnn,13,34,train,0.3113843318326313
gnn,13,34,val,0.39764022587027936
gnn,13,35,train,0.3205468202938593
gnn,13,35,val,0.2894482218325808
gnn,13,36,train,0.31973720405452866
gnn,13,36,val,0.2757331061213106
gnn,13,37,train,0.2854183870070146
gnn,13,37,val,0.27420917110771553
gnn,13,38,train,0.27230746211562584
gnn,13,38,val,0.2699294446355403
gnn,13,39,train,0.26974919227681093
gnn,13,39,val,0.25735635613633173
gnn,13,40,train,0.29622360788258156
gnn,13,40,val,0.30359887875807884
gnn,13,41,train,0.28444300429280156
gnn,13,41,val,0.3099014597329055
gnn,13,42,train,0.25645965945324845
gnn,13,42,val,0.3029385429011612
gnn,13,43,train,0.27796038183305954
gnn,13,43,val,0.3105524192044325
gnn,13,44,train,0.2864068769014889
gnn,13,44,val,0.2979024600621118
gnn,13,45,train,0.26076592824249
gnn,13,45,val,0.2765586837183959
gnn,13,46,train,0.23791028449701823
gnn,13,46,val,0.32748452186959626
gnn,13,47,train,0.2621836925571152
gnn,13,47,val,0.28208852475938545
gnn,13,48,train,0.31052984788599947
gnn,13,48,val,0.2822868723480324
gnn,13,49,train,0.27314593696489464
gnn,13,49,val,0.26232864375527853
gnn,13,50,train,0.25040314732489805
gnn,13,50,val,0.3024858335639663
gnn,13,51,train,0.26995773898565345
gnn,13,51,val,0.2674464970223868
gnn,13,52,train,0.23961596403553845
gnn,13,52,val,0.28848563083451034
gnn,13,53,train,0.25471834062761195
gnn,13,53,val,0.3043133644218176
gnn,13,54,train,0.2633216261841806
gnn,13,54,val,0.30588392281792204
gnn,13,55,train,0.26798113933561746
gnn,13,55,val,0.29254064817227216
gnn,13,56,train,0.24511184692382176
gnn,13,56,val,0.2689660481088646
gnn,13,57,train,0.26634357267690145
gnn,13,57,val,0.24456278245489738
gnn,13,58,train,0.2834498347386581
gnn,13,58,val,0.2815395310396473
gnn,13,59,train,0.2611340290558827
gnn,13,59,val,0.30024588036765465
gnn,13,60,train,0.2584560279597919
gnn,13,60,val,0.2805540607333401
gnn,13,61,train,0.2755692372261477
gnn,13,61,val,0.2805205691942884
gnn,13,62,train,0.25965659328498875
gnn,13,62,val,0.28053851423431714
gnn,13,63,train,0.2581481807103184
gnn,13,63,val,0.26390616811418405
gnn,13,64,train,0.25649705449388754
gnn,13,64,val,0.29178581557430533
gnn,13,65,train,0.25139003200991283
gnn,13,65,val,0.26337961135121296
gnn,13,66,train,0.2694105293221279
gnn,13,66,val,0.2726244410128071
gnn,13,67,train,0.2602210572966154
gnn,13,67,val,0.2703900295043527
gnn,13,68,train,0.26439180703111853
gnn,13,68,val,0.25583687143918743
gnn,13,69,train,0.2592948958391246
gnn,13,69,val,0.2722258543808967
gnn,13,70,train,0.25343345008119733
gnn,13,70,val,0.26093385042947254
gnn,13,71,train,0.25082942687748355
gnn,13,71,val,0.28021076866809336
gnn,13,72,train,0.2584766113944426
gnn,13,72,val,0.2736617643098111
gnn,13,73,train,0.2586684479307155
gnn,13,73,val,0.28284261802637584
gnn,13,74,train,0.26223779498269073
gnn,13,74,val,0.2915515701791683
gnn,13,75,train,0.251999434256425
gnn,13,75,val,0.2742808795204063
gnn,13,76,train,0.25387480699150733
gnn,13,76,val,0.2700853099418722
gnn,13,77,train,0.25727576044981293
gnn,13,77,val,0.28609903585600305
gnn,13,78,train,0.2664890520132596
gnn,13,78,val,0.29154060706013907
gnn,13,79,train,0.2706669494353957
gnn,13,79,val,0.2736709736686771
gnn,13,80,train,0.25989533547238347
gnn,13,80,val,0.27796789379238673
gnn,13,81,train,0.263923710498604
gnn,13,81,val,0.27216597905024126
gnn,13,82,train,0.2525900726921588
gnn,13,82,val,0.27779176755869184
gnn,13,83,train,0.24802176588822303
gnn,13,83,val,0.260607292535103
gnn,13,84,train,0.24998961392634217
gnn,13,84,val,0.2758427209947483
gnn,13,85,train,0.25175481648045017
gnn,13,85,val,0.2717981237912587
gnn,13,86,train,0.2578180762230404
gnn,13,86,val,0.28517698363606475
gnn,13,87,train,0.25260261241346793
gnn,13,87,val,0.28223835864210023
gnn,13,88,train,0.26729439601142013
gnn,13,88,val,0.27493834186986504
gnn,13,89,train,0.2554354077160142
gnn,13,89,val,0.2706784041445738
gnn,13,90,train,0.2555025184665555
gnn,13,90,val,0.279554098438334
gnn,13,91,train,0.2545737430829275
gnn,13,91,val,0.27385184595587864
gnn,13,92,train,0.26183100686375405
gnn,13,92,val,0.27496235972439625
gnn,13,93,train,0.2555482884268423
gnn,13,93,val,0.2722358829558632
gnn,13,94,train,0.2581146432990713
gnn,13,94,val,0.28289247444299226
gnn,13,95,train,0.257554048923001
gnn,13,95,val,0.27258069692492515
gnn,13,96,train,0.2609012644368558
gnn,13,96,val,0.27049742920384473
gnn,13,97,train,0.25989616064421756
gnn,13,97,val,0.2784848036108769
gnn,13,98,train,0.2600074263712242
gnn,13,98,val,0.27259599634341813
gnn,13,99,train,0.25416980826061963
gnn,13,99,val,0.2756570159140876
gnn,13,100,train,0.2596579478422464
gnn,13,100,val,0.28126749174930066
gnn,37,1,train,1.6273493795023137
gnn,37,1,val,1.1370431455448289
gnn,37,2,train,1.4662143600676123
gnn,37,2,val,1.0098355611287455
gnn,37,3,train,1.3669719892009808
gnn,37,3,val,1.0160653628882224
gnn,37,4,train,1.2686849475300224
gnn,37,4,val,1.0233460545759803
gnn,37,5,train,1.069240859314636
gnn,37,5,val,0.7945650655334214
gnn,37,6,train,1.1296517668997197
gnn,37,6,val,0.8616218384431467
gnn,37,7,train,1.0811475709083762
gnn,37,7,val,0.82712991918518
gnn,37,8,train,0.9745073058657883
gnn,37,8,val,0.7795634844075217
gnn,37,9,train,0.8771123611038169
gnn,37,9,val,0.6836290982723993
gnn,37,10,train,0.7950708120341795
gnn,37,10,val,0.6065744996538663
gnn,37,11,train,0.7983407996030238
gnn,37,11,val,0.5992173211346934
gnn,37,12,train,0.7238267832922914
gnn,37,12,val,0.6572080399292516
gnn,37,13,train,0.7353474215187947
gnn,37,13,val,0.5585361033099191
gnn,37,14,train,0.6555035704646729
gnn,37,14,val,0.5000459160582816
gnn,37,15,train,0.6498050382668593
gnn,37,15,val,0.42483242136095273
gnn,37,16,train,0.6360778467371115
gnn,37,16,val,0.509460498819133
gnn,37,17,train,0.5420392052285493
gnn,37,17,val,0.4707067017144695
gnn,37,18,train,0.5251834132749508
gnn,37,18,val,0.4764193663024049
gnn,37,19,train,0.6007808934517617
gnn,37,19,val,0.49604410961860634
gnn,37,20,train,0.47934028252506095
gnn,37,20,val,0.47531749833925907
gnn,37,21,train,0.456716757120419
gnn,37,21,val,0.4763858719436609
gnn,37,22,train,0.44664007723773164
gnn,37,22,val,0.4194028721561756
gnn,37,23,train,0.34202604983954343
gnn,37,23,val,0.39545051611501547
gnn,37,24,train,0.4067528736248994
gnn,37,24,val,0.39622282674514947
gnn,37,25,train,0.4078288449026233
gnn,37,25,val,0.47577526032527084
gnn,37,26,train,0.3858128798606043
gnn,37,26,val,0.2926869659108676
gnn,37,27,train,0.3745537362212891
gnn,37,27,val,0.3881440726196546
gnn,37,28,train,0.344120708194201
gnn,37,28,val,0.4697776684139817
gnn,37,29,train,0.3160673198179302
gnn,37,29,val,0.36784480896528426
gnn,37,30,train,0.3065997825114435
gnn,37,30,val,0.36241278549868344
gnn,37,31,train,0.3518713411865206
gnn,37,31,val,0.3441085532524586
gnn,37,32,train,0.2870530103367283
gnn,37,32,val,0.3583836306910744
gnn,37,33,train,0.3290023142972773
gnn,37,33,val,0.33069323229351844
gnn,37,34,train,0.2935104481773284
gnn,37,34,val,0.35522033071549886
gnn,37,35,train,0.3250083264993656
gnn,37,35,val,0.31899629226521525
gnn,37,36,train,0.3382075728242688
gnn,37,36,val,0.3619209809760786
gnn,37,37,train,0.2790863756030727
gnn,37,37,val,0.3555863695629124
gnn,37,38,train,0.3023882601283965
gnn,37,38,val,0.3181444825625219
gnn,37,39,train,0.260270389432371
gnn,37,39,val,0.3344505346851415
gnn,37,40,train,0.3316023873567366
gnn,37,40,val,0.31861593900741475
gnn,37,41,train,0.275550043761329
gnn,37,41,val,0.33410997541967974
gnn,37,42,train,0.3022231480366611
gnn,37,42,val,0.3365320090890339
gnn,37,43,train,0.2599755946658741
gnn,37,43,val,0.352028063917626
gnn,37,44,train,0.27397540528999104
gnn,37,44,val,0.3089680338104742
gnn,37,45,train,0.2758406937290115
gnn,37,45,val,0.3158973675267972
gnn,37,46,train,0.27438840614647975
gnn,37,46,val,0.3337744243929581
gnn,37,47,train,0.28977361772430354
gnn,37,47,val,0.327417231821805
gnn,37,48,train,0.2532528920620719
gnn,37,48,val,0.2938224943096373
gnn,37,49,train,0.26835222160036654
gnn,37,49,val,0.30962991559267505
gnn,37,50,train,0.24299853897244306
gnn,37,50,val,0.28678960676868887
gnn,37,51,train,0.25571795957982607
gnn,37,51,val,0.2966156159932123
gnn,37,52,train,0.2553324336573648
gnn,37,52,val,0.3077379600471826
gnn,37,53,train,0.2804464195807606
gnn,37,53,val,0.31394800358125347
gnn,37,54,train,0.25986637708936267
gnn,37,54,val,0.2823667258233188
gnn,37,55,train,0.2536575606322131
gnn,37,55,val,0.29070929556976327
gnn,37,56,train,0.24585596507101048
gnn,37,56,val,0.2797933234380855
gnn,37,57,train,0.2552519364331479
gnn,37,57,val,0.27156718408958164
gnn,37,58,train,0.26213938927495245
gnn,37,58,val,0.269186988387358
gnn,37,59,train,0.24086952491442018
gnn,37,59,val,0.25971568423174696
gnn,37,60,train,0.26358158793020287
gnn,37,60,val,0.2996180413594105
gnn,37,61,train,0.27416895356246435
gnn,37,61,val,0.3122227539556296
gnn,37,62,train,0.26455464748250584
gnn,37,62,val,0.2848925196199577
gnn,37,63,train,0.2443045592085965
gnn,37,63,val,0.28943578152474475
gnn,37,64,train,0.2502884054203448
gnn,37,64,val,0.2735321459581873
gnn,37,65,train,0.26099374893461297
gnn,37,65,val,0.30384376643922406
gnn,37,66,train,0.25399208641245813
gnn,37,66,val,0.28469167304382204
gnn,37,67,train,0.2742666108358848
gnn,37,67,val,0.30356732063044867
gnn,37,68,train,0.25788230425235753
gnn,37,68,val,0.3079307483016735
gnn,37,69,train,0.2617519123928426
gnn,37,69,val,0.2748754183913288
gnn,37,70,train,0.24148536818301722
gnn,37,70,val,0.30284322196223884
gnn,37,71,train,0.24151222930878144
gnn,37,71,val,0.2930478962049947
gnn,37,72,train,0.23978926401087158
gnn,37,72,val,0.28204564850386765
gnn,37,73,train,0.2595755397122125
gnn,37,73,val,0.312032068827052
gnn,37,74,train,0.25736627310634497
gnn,37,74,val,0.2838376305855676
gnn,37,75,train,0.2590265464679952
gnn,37,75,val,0.29146481208218056
gnn,37,76,train,0.25025592998772406
gnn,37,76,val,0.28749383518581795
gnn,37,77,train,0.24955262665874692
gnn,37,77,val,0.2788858200854978
gnn,37,78,train,0.24998533501697864
gnn,37,78,val,0.284234062353656
gnn,37,79,train,0.2633819278176824
gnn,37,79,val,0.2905381973611187
gnn,37,80,train,0.258606463779661
gnn,37,80,val,0.28409646816424433
gnn,37,81,train,0.2613268418741278
gnn,37,81,val,0.30107494753614744
gnn,37,82,train,0.25571352884011894
gnn,37,82,val,0.2950429515505292
gnn,37,83,train,0.2552038850605879
gnn,37,83,val,0.29569505363819204
gnn,37,84,train,0.2569370024833407
gnn,37,84,val,0.2939724649067372
gnn,37,85,train,0.24600909677443752
gnn,37,85,val,0.28956827351678216
gnn,37,86,train,0.2538241710943244
gnn,37,86,val,0.2912375228103327
gnn,37,87,train,0.2494388562403869
gnn,37,87,val,0.2904382317542202
gnn,37,88,train,0.24960675157645146
gnn,37,88,val,0.28740488388335544
gnn,37,89,train,0.26190238486213835
gnn,37,89,val,0.2947351973311221
gnn,37,90,train,0.25216312274372815
gnn,37,90,val,0.2890240747513624
gnn,37,91,train,0.2436181649538782
gnn,37,91,val,0.2847845436709995
gnn,37,92,train,0.24994287575741939
gnn,37,92,val,0.3030743775380284
gnn,37,93,train,0.2501884818845344
gnn,37,93,val,0.2948998891220775
gnn,37,94,train,0.2557851821936475
gnn,37,94,val,0.2849582652839399
gnn,37,95,train,0.24851494351056982
gnn,37,95,val,0.2791566600282153
gnn,37,96,train,0.2618411578361496
gnn,37,96,val,0.28987423615233654
gnn,37,97,train,0.24919178231505612
gnn,37,97,val,0.28689380537078096
gnn,37,98,train,0.2543828039276698
gnn,37,98,val,0.2843025738213446
gnn,37,99,train,0.2524604778161624
gnn,37,99,val,0.2916437608455769
gnn,37,100,train,0.2554239445016525
gnn,37,100,val,0.28797703665646607
gnn,73,1,train,1.1777134337651458
gnn,73,1,val,1.0287445946974088
gnn,73,2,train,1.0860472218350217
gnn,73,2,val,1.0319021317125279
gnn,73,3,train,1.1276959507876578
gnn,73,3,val,0.9636281439800092
gnn,73,4,train,1.1065329101958372
gnn,73,4,val,0.9138304178793004
gnn,73,5,train,0.9807407577903916
gnn,73,5,val,0.8683629838217867
gnn,73,6,train,0.9413447597523027
gnn,73,6,val,0.7499031513895086
gnn,73,7,train,0.8856741632849472
gnn,73,7,val,0.7443793015177198
gnn,73,8,train,0.767552228525216
gnn,73,8,val,0.7026394691771347
gnn,73,9,train,0.8419645184435098
gnn,73,9,val,0.6504640841063621
gnn,73,10,train,0.7334054548826606
gnn,73,10,val,0.5575085389443672
gnn,73,11,train,0.6728740764950262
gnn,73,11,val,0.5311664748595434
gnn,73,12,train,0.6550035885020511
gnn,73,12,val,0.5559169255642614
gnn,73,13,train,0.6762198562667707
gnn,73,13,val,0.5050354226570779
gnn,73,14,train,0.6232899871570308
gnn,73,14,val,0.5382140139409506
gnn,73,15,train,0.47383239559842505
gnn,73,15,val,0.5429152536255887
gnn,73,16,train,0.42392336907655115
gnn,73,16,val,0.5206849828082623
gnn,73,17,train,0.5987390708115264
gnn,73,17,val,0.4616601383032342
gnn,73,18,train,0.5306784396078679
gnn,73,18,val,0.472135643524588
gnn,73,19,train,0.5156545877458532
gnn,73,19,val,0.46724129099936107
gnn,73,20,train,0.4782538156226676
gnn,73,20,val,0.4194972551290622
gnn,73,21,train,0.5160053787055128
gnn,73,21,val,0.5042822304275574
gnn,73,22,train,0.470640973191774
gnn,73,22,val,0.439951389899935
gnn,73,23,train,0.42035153846353274
gnn,73,23,val,0.4272927931154328
gnn,73,24,train,0.49201097759312007
gnn,73,24,val,0.46721559019911385
gnn,73,25,train,0.40316733024970935
gnn,73,25,val,0.4403041212931579
gnn,73,26,train,0.44065462719185555
gnn,73,26,val,0.41151214753886417
gnn,73,27,train,0.4045404217257359
gnn,73,27,val,0.4183682554830156
gnn,73,28,train,0.37853906000913456
gnn,73,28,val,0.4296135234215778
gnn,73,29,train,0.373216376871031
gnn,73,29,val,0.40846831341719825
gnn,73,30,train,0.4151319564103216
gnn,73,30,val,0.3879354807333305
gnn,73,31,train,0.3655549969878085
gnn,73,31,val,0.38952945524537913
gnn,73,32,train,0.36233604976740547
gnn,73,32,val,0.39166676254633515
gnn,73,33,train,0.4053729873707146
gnn,73,33,val,0.3879280219403107
gnn,73,34,train,0.3579392666297036
gnn,73,34,val,0.3707014955648921
gnn,73,35,train,0.3514311274233823
gnn,73,35,val,0.36004513869671445
gnn,73,36,train,0.37994876286613205
gnn,73,36,val,0.36505758930054133
gnn,73,37,train,0.3517736680289139
gnn,73,37,val,0.37860648618974835
gnn,73,38,train,0.3599375600257199
gnn,73,38,val,0.3513394086601647
gnn,73,39,train,0.3239769415086402
gnn,73,39,val,0.40545279289173686
gnn,73,40,train,0.3533345292251462
gnn,73,40,val,0.39980776419311553
gnn,73,41,train,0.36467120236897543
gnn,73,41,val,0.31428356443919414
gnn,73,42,train,0.3320259719700438
gnn,73,42,val,0.33423209148260435
gnn,73,43,train,0.37258691917064996
gnn,73,43,val,0.3905820585428265
gnn,73,44,train,0.34698875374227317
gnn,73,44,val,0.35166023379847355
gnn,73,45,train,0.3533795724005038
gnn,73,45,val,0.34277577453984
gnn,73,46,train,0.3422883742691722
gnn,73,46,val,0.3460426776145241
gnn,73,47,train,0.32991089689555275
gnn,73,47,val,0.3556266840418508
gnn,73,48,train,0.32499294947170776
gnn,73,48,val,0.3414687108303181
gnn,73,49,train,0.3291228949838651
gnn,73,49,val,0.3836964731900826
gnn,73,50,train,0.3398391714774022
gnn,73,50,val,0.3234510034256154
gnn,73,51,train,0.3341077155265447
gnn,73,51,val,0.3527276657178431
gnn,73,52,train,0.3290906710933733
gnn,73,52,val,0.34343730343630474
gnn,73,53,train,0.33436548088463447
gnn,73,53,val,0.3687860484283876
gnn,73,54,train,0.32847132529417594
gnn,73,54,val,0.34080657374878126
gnn,73,55,train,0.3153278151736776
gnn,73,55,val,0.329817738439769
gnn,73,56,train,0.3143043896040515
gnn,73,56,val,0.3614377040809115
gnn,73,57,train,0.31390467908203684
gnn,73,57,val,0.3556829178301522
gnn,73,58,train,0.32927350371860065
gnn,73,58,val,0.38122314396320106
gnn,73,59,train,0.3126415373824527
gnn,73,59,val,0.3525961544213261
gnn,73,60,train,0.32588579301360504
gnn,73,60,val,0.34512049991218025
gnn,73,61,train,0.31936332424482927
gnn,73,61,val,0.32843497462560073
gnn,73,62,train,0.31158214315814153
gnn,73,62,val,0.34344749679531844
gnn,73,63,train,0.3248154682269437
gnn,73,63,val,0.3569765623341554
gnn,73,64,train,0.31931143434983966
gnn,73,64,val,0.3572754681793718
gnn,73,65,train,0.3362757959777213
gnn,73,65,val,0.33968834936405445
gnn,73,66,train,0.32120291379189025
gnn,73,66,val,0.3489471952267583
gnn,73,67,train,0.3203342809040592
gnn,73,67,val,0.33584662706078716
gnn,73,68,train,0.33631530731032666
gnn,73,68,val,0.34459998839038525
gnn,73,69,train,0.33526623824363555
gnn,73,69,val,0.3350831763303425
gnn,73,70,train,0.3054767011176607
gnn,73,70,val,0.3302159755852766
gnn,73,71,train,0.311629900484359
gnn,73,71,val,0.3638867264553036
gnn,73,72,train,0.31196210502393357
gnn,73,72,val,0.34448178194632567
gnn,73,73,train,0.3040189095028891
gnn,73,73,val,0.3317285872260548
gnn,73,74,train,0.31357967574782053
gnn,73,74,val,0.35098307701236997
gnn,73,75,train,0.3035691010520878
gnn,73,75,val,0.3316178117737784
gnn,73,76,train,0.2971154851601745
gnn,73,76,val,0.3448436973924034
gnn,73,77,train,0.3149566498701109
gnn,73,77,val,0.3255261061968153
gnn,73,78,train,0.31914006236554204
gnn,73,78,val,0.3511184783884059
gnn,73,79,train,0.30285701683945065
gnn,73,79,val,0.3271793438904378
gnn,73,80,train,0.31080590416772
gnn,73,80,val,0.3365678343601307
gnn,73,81,train,0.31760521982041645
gnn,73,81,val,0.3396716809216768
gnn,73,82,train,0.31561405029713696
gnn,73,82,val,0.33141486556660116
gnn,73,83,train,0.31331442707839596
gnn,73,83,val,0.3507681419207784
gnn,73,84,train,0.3218875849069447
gnn,73,84,val,0.34017863373767954
gnn,73,85,train,0.31652035346345914
gnn,73,85,val,0.34464287012170364
gnn,73,86,train,0.31563225335131334
gnn,73,86,val,0.33169175051238076
gnn,73,87,train,0.30992987817268963
gnn,73,87,val,0.3282081108834683
gnn,73,88,train,0.31038624670114207
gnn,73,88,val,0.34030966644883665
gnn,73,89,train,0.3236503187040041
gnn,73,89,val,0.3336885270203636
gnn,73,90,train,0.3202734924344109
gnn,73,90,val,0.3433933070638648
gnn,73,91,train,0.3255320107212152
gnn,73,91,val,0.33400131435827224
gnn,73,92,train,0.3057335737383801
gnn,73,92,val,0.34370073527099554
gnn,73,93,train,0.30814830912694446
gnn,73,93,val,0.33649686815127133
gnn,73,94,train,0.3162274126802582
gnn,73,94,val,0.34314901368592177
gnn,73,95,train,0.31465294808249544
gnn,73,95,val,0.3449911820739199
gnn,73,96,train,0.3058470365654654
gnn,73,96,val,0.34397450449851236
gnn,73,97,train,0.31810731494961597
gnn,73,97,val,0.3419216202546511
gnn,73,98,train,0.31112367645229116
gnn,73,98,val,0.33746083137190114
gnn,73,99,train,0.3134734067473868
gnn,73,99,val,0.33603637338673276
gnn,73,100,train,0.30854223768552663
gnn,73,100,val,0.3335671994488172
gnn,101,1,train,1.5232149968801536
gnn,101,1,val,1.041982557175887
gnn,101,2,train,1.2696809631985149
gnn,101,2,val,0.9264795345847678
gnn,101,3,train,1.0861985315395009
gnn,101,3,val,1.1009125631921914
gnn,101,4,train,1.175295364359406
gnn,101,4,val,0.903323074686466
gnn,101,5,train,1.0989047295729613
gnn,101,5,val,0.9133394124476744
gnn,101,6,train,1.1723843914068395
gnn,101,6,val,0.7705359172028465
gnn,101,7,train,0.9334641730452818
gnn,101,7,val,0.6883162715843394
gnn,101,8,train,0.8235668885059956
gnn,101,8,val,0.748727050104198
gnn,101,9,train,0.6626295242254471
gnn,101,9,val,0.7193054508005631
gnn,101,10,train,0.788560778351369
gnn,101,10,val,0.7278554854830313
gnn,101,11,train,0.7720001259796193
gnn,101,11,val,0.7530717066741454
gnn,101,12,train,0.7506781405705443
gnn,101,12,val,0.5213118572195738
gnn,101,13,train,0.6555154152572378
gnn,101,13,val,0.5107058298785082
gnn,101,14,train,0.6213093241896336
gnn,101,14,val,0.5707245594518451
gnn,101,15,train,0.6620515723326336
gnn,101,15,val,0.6284102559457557
gnn,101,16,train,0.6143459442385953
gnn,101,16,val,0.6612405805766903
gnn,101,17,train,0.6078831187908688
gnn,101,17,val,0.5579467711659833
gnn,101,18,train,0.48899921340863456
gnn,101,18,val,0.4339973876325818
gnn,101,19,train,0.5099723984257609
gnn,101,19,val,0.4479438377880859
gnn,101,20,train,0.532594803825445
gnn,101,20,val,0.4262317992271134
gnn,101,21,train,0.4923856211572078
gnn,101,21,val,0.41481576993238684
gnn,101,22,train,0.46301132065724937
gnn,101,22,val,0.434014170910842
gnn,101,23,train,0.44214259654386606
gnn,101,23,val,0.4476976880608477
gnn,101,24,train,0.4523627760267412
gnn,101,24,val,0.46272442683853954
gnn,101,25,train,0.47528631657071896
gnn,101,25,val,0.46308801366039953
gnn,101,26,train,0.4600886225234422
gnn,101,26,val,0.4733394621189894
gnn,101,27,train,0.44177967308391275
gnn,101,27,val,0.4167940794615462
gnn,101,28,train,0.40293111014972766
gnn,101,28,val,0.45091231101593926
gnn,101,29,train,0.42568449982456197
gnn,101,29,val,0.42028585980527544
gnn,101,30,train,0.4243372807558379
gnn,101,30,val,0.4431657363731369
gnn,101,31,train,0.3910439858269596
gnn,101,31,val,0.4262896302752105
gnn,101,32,train,0.39746207999023836
gnn,101,32,val,0.43841983946586005
gnn,101,33,train,0.33373336954606014
gnn,101,33,val,0.38710436289726724
gnn,101,34,train,0.36399722544432095
gnn,101,34,val,0.3668638692220328
gnn,101,35,train,0.461042200752408
gnn,101,35,val,0.37981123480955237
gnn,101,36,train,0.33940971216798516
gnn,101,36,val,0.4179539285221337
gnn,101,37,train,0.37333037179618855
gnn,101,37,val,0.3542105144164209
gnn,101,38,train,0.38483862913717476
gnn,101,38,val,0.3685170549583304
gnn,101,39,train,0.33304569681224405
gnn,101,39,val,0.33606598269096505
gnn,101,40,train,0.3627890035563038
gnn,101,40,val,0.3722198633316147
gnn,101,41,train,0.37644911310737095
gnn,101,41,val,0.3720517894517675
gnn,101,42,train,0.37592550060177815
gnn,101,42,val,0.3573643458456537
gnn,101,43,train,0.3529450168331803
gnn,101,43,val,0.3766464081341514
gnn,101,44,train,0.2982478802515905
gnn,101,44,val,0.37197396427348134
gnn,101,45,train,0.35166289187604677
gnn,101,45,val,0.36686301774522556
gnn,101,46,train,0.3501027281412685
gnn,101,46,val,0.3488210412557176
gnn,101,47,train,0.31831940358429395
gnn,101,47,val,0.35760900766821563
gnn,101,48,train,0.3032466429541876
gnn,101,48,val,0.3645707606183221
gnn,101,49,train,0.31997217405816214
gnn,101,49,val,0.35266483652808417
gnn,101,50,train,0.3445247075704511
gnn,101,50,val,0.3426831643609383
gnn,101,51,train,0.3238117137147619
gnn,101,51,val,0.35817234944779813
gnn,101,52,train,0.34897285014392454
gnn,101,52,val,0.3637949528788069
gnn,101,53,train,0.33564627294481447
gnn,101,53,val,0.368272325857972
gnn,101,54,train,0.31683547363339465
gnn,101,54,val,0.3833690894350731
gnn,101,55,train,0.3418595038351731
gnn,101,55,val,0.3522111615928359
gnn,101,56,train,0.3438419454614239
gnn,101,56,val,0.37423204403404486
gnn,101,57,train,0.32458106956552707
gnn,101,57,val,0.34989359620392513
gnn,101,58,train,0.30926803476295833
gnn,101,58,val,0.37368250558727023
gnn,101,59,train,0.32483025240476093
gnn,101,59,val,0.36072384064058155
gnn,101,60,train,0.3263962651197959
gnn,101,60,val,0.35445957111151544
gnn,101,61,train,0.34240769086502965
gnn,101,61,val,0.3653629652874468
gnn,101,62,train,0.3226779206657407
gnn,101,62,val,0.363929065570519
gnn,101,63,train,0.34377465084928144
gnn,101,63,val,0.3649537139911009
gnn,101,64,train,0.3315622718745993
gnn,101,64,val,0.3506986895478217
gnn,101,65,train,0.32573835562356884
gnn,101,65,val,0.3534382238070851
gnn,101,66,train,0.32940799863394116
gnn,101,66,val,0.3480180835213675
gnn,101,67,train,0.31188053353255996
gnn,101,67,val,0.3744282953220775
gnn,101,68,train,0.33363584284238657
gnn,101,68,val,0.3563760232496915
gnn,101,69,train,0.3239302041167985
gnn,101,69,val,0.3483963284475237
gnn,101,70,train,0.32276072606283374
gnn,101,70,val,0.3409171904868164
gnn,101,71,train,0.3257924021001578
gnn,101,71,val,0.3579438836485681
gnn,101,72,train,0.31181361805756785
gnn,101,72,val,0.35227187128935483
gnn,101,73,train,0.3094444437115746
gnn,101,73,val,0.363265020650049
gnn,101,74,train,0.3215001679520773
gnn,101,74,val,0.35109433140320423
gnn,101,75,train,0.31867829456880437
gnn,101,75,val,0.3484909013034708
gnn,101,76,train,0.3233998295459919
gnn,101,76,val,0.3520266568761222
gnn,101,77,train,0.3266997637325203
gnn,101,77,val,0.3628274075161569
gnn,101,78,train,0.328756291165256
gnn,101,78,val,0.3480022403988252
gnn,101,79,train,0.3236283052799513
gnn,101,79,val,0.3428155458337869
gnn,101,80,train,0.3257572324065963
gnn,101,80,val,0.35112536469706557
gnn,101,81,train,0.3306633842273354
gnn,101,81,val,0.35592771100389814
gnn,101,82,train,0.3245873506277177
gnn,101,82,val,0.3449183687239862
gnn,101,83,train,0.32055129531201115
gnn,101,83,val,0.35721809703159996
gnn,101,84,train,0.31769906767860495
gnn,101,84,val,0.34377940346935815
gnn,101,85,train,0.33613453348428396
gnn,101,85,val,0.35469550650000586
gnn,101,86,train,0.32727996094027056
gnn,101,86,val,0.35541953846832125
gnn,101,87,train,0.32205941920903053
gnn,101,87,val,0.3593464876952848
gnn,101,88,train,0.31792697082612986
gnn,101,88,val,0.34875970405781254
gnn,101,89,train,0.32586799218678614
gnn,101,89,val,0.3502073182618321
gnn,101,90,train,0.33466913742106064
gnn,101,90,val,0.35017738417332706
gnn,101,91,train,0.3172428000652303
gnn,101,91,val,0.3463429873102877
gnn,101,92,train,0.3230875863700382
gnn,101,92,val,0.3509898653945033
gnn,101,93,train,0.33174777102419556
gnn,101,93,val,0.34607045635318084
gnn,101,94,train,0.3179159648044379
gnn,101,94,val,0.35340890453321805
gnn,101,95,train,0.3305396303047
gnn,101,95,val,0.34962775372710714
gnn,101,96,train,0.3225846087632102
gnn,101,96,val,0.35156068570777027
gnn,101,97,train,0.319478564780804
gnn,101,97,val,0.3527198133349425
gnn,101,98,train,0.32160299096419115
gnn,101,98,val,0.3530738870730041
gnn,101,99,train,0.3156502460283098
gnn,101,99,val,0.35074430359216446
gnn,101,100,train,0.3234232330060162
gnn,101,100,val,0.34795625389956814
gnn,211,1,train,1.1777597363561547
gnn,211,1,val,1.2860820113590257
gnn,211,2,train,1.2560551317770263
gnn,211,2,val,1.1355018470471427
gnn,211,3,train,1.0246535473451155
gnn,211,3,val,1.0657467349067562
gnn,211,4,train,0.9411963032187123
gnn,211,4,val,1.0194577894638743
gnn,211,5,train,0.889981651766438
gnn,211,5,val,0.8961252448234389
gnn,211,6,train,0.8218423963804854
gnn,211,6,val,1.0424298779837613
gnn,211,7,train,0.7521050729429893
gnn,211,7,val,0.9596924013826512
gnn,211,8,train,0.6661472381135534
gnn,211,8,val,0.9298238587753287
gnn,211,9,train,0.6215264915187616
gnn,211,9,val,0.790771397912797
gnn,211,10,train,0.6563112701872337
gnn,211,10,val,0.8017622116070456
gnn,211,11,train,0.6620573716850924
gnn,211,11,val,0.703568825554781
gnn,211,12,train,0.5520357170480665
gnn,211,12,val,0.7060270632875768
gnn,211,13,train,0.6830743780148086
gnn,211,13,val,0.7026122822837553
gnn,211,14,train,0.6282200575548021
gnn,211,14,val,0.5536627957818114
gnn,211,15,train,0.442837650611444
gnn,211,15,val,0.58105800838528
gnn,211,16,train,0.5362813458619556
gnn,211,16,val,0.5217159455883029
gnn,211,17,train,0.505716018762419
gnn,211,17,val,0.6292640601404781
gnn,211,18,train,0.4263391155118183
gnn,211,18,val,0.49013292575000833
gnn,211,19,train,0.4512157850934509
gnn,211,19,val,0.5364964307519174
gnn,211,20,train,0.4595744138480665
gnn,211,20,val,0.4788053493141547
gnn,211,21,train,0.3594788010382271
gnn,211,21,val,0.48585363583712027
gnn,211,22,train,0.4398723026803178
gnn,211,22,val,0.48791919863824945
gnn,211,23,train,0.43358608657814285
gnn,211,23,val,0.5026186285056006
gnn,211,24,train,0.38615126002982997
gnn,211,24,val,0.4699723007432103
gnn,211,25,train,0.41298144552212823
gnn,211,25,val,0.4763730282649497
gnn,211,26,train,0.3809844655774732
gnn,211,26,val,0.4456436252907104
gnn,211,27,train,0.4219193868837994
gnn,211,27,val,0.4547699016093884
gnn,211,28,train,0.41775633015448754
gnn,211,28,val,0.4273821467515427
gnn,211,29,train,0.35732166149658734
gnn,211,29,val,0.3633487934016928
gnn,211,30,train,0.3496725511640268
gnn,211,30,val,0.372496630584146
gnn,211,31,train,0.34015925371957956
gnn,211,31,val,0.36700025209981235
gnn,211,32,train,0.36204469715221443
gnn,211,32,val,0.4648659852496029
gnn,211,33,train,0.34750463059058434
gnn,211,33,val,0.3520304628760252
gnn,211,34,train,0.3657686901394389
gnn,211,34,val,0.34710506118236
gnn,211,35,train,0.38947434212159987
gnn,211,35,val,0.3805794415828059
gnn,211,36,train,0.35725788609885223
gnn,211,36,val,0.39722041105390304
gnn,211,37,train,0.34059943086474787
gnn,211,37,val,0.3402157629891837
gnn,211,38,train,0.2970207981598122
gnn,211,38,val,0.4059349771349706
gnn,211,39,train,0.33131899725876024
gnn,211,39,val,0.38464542475479324
gnn,211,40,train,0.35986250290670424
gnn,211,40,val,0.3567796728693349
gnn,211,41,train,0.3645103247842472
gnn,211,41,val,0.36872492528582784
gnn,211,42,train,0.29048969169191535
gnn,211,42,val,0.39980227404788493
gnn,211,43,train,0.30617644756006196
gnn,211,43,val,0.3779006232139861
gnn,211,44,train,0.30661522078847836
gnn,211,44,val,0.3774308978860005
gnn,211,45,train,0.2863559573556652
gnn,211,45,val,0.32661580848181065
gnn,211,46,train,0.3575125031320034
gnn,211,46,val,0.3588887112371677
gnn,211,47,train,0.3048997278198737
gnn,211,47,val,0.3657894595203872
gnn,211,48,train,0.303370805468022
gnn,211,48,val,0.3384527104564229
gnn,211,49,train,0.29878143142806624
gnn,211,49,val,0.36065051763334427
gnn,211,50,train,0.2926134316700061
gnn,211,50,val,0.3665556607333644
gnn,211,51,train,0.3143098404422064
gnn,211,51,val,0.3608914643963569
gnn,211,52,train,0.2953191517645654
gnn,211,52,val,0.3413923398694435
gnn,211,53,train,0.30690449138253567
gnn,211,53,val,0.32466589247219735
gnn,211,54,train,0.3128276609185011
gnn,211,54,val,0.3118746984480229
gnn,211,55,train,0.3126257449748779
gnn,211,55,val,0.3283752813180967
gnn,211,56,train,0.314375650589544
gnn,211,56,val,0.3458581606592074
gnn,211,57,train,0.30836709160105374
gnn,211,57,val,0.37791798848906016
gnn,211,58,train,0.31183300144465664
gnn,211,58,val,0.3455633667722077
gnn,211,59,train,0.2787787510817711
gnn,211,59,val,0.35207234745598776
gnn,211,60,train,0.29669319180302667
gnn,211,60,val,0.33176517990548704
gnn,211,61,train,0.3002972249724517
gnn,211,61,val,0.35965128273645897
gnn,211,62,train,0.31853186404958567
gnn,211,62,val,0.33744942250405785
gnn,211,63,train,0.2790207920802501
gnn,211,63,val,0.36893721456156797
gnn,211,64,train,0.2999942145336375
gnn,211,64,val,0.31147996042636134
gnn,211,65,train,0.2980198040122078
gnn,211,65,val,0.35312444719821223
gnn,211,66,train,0.2992384846535557
gnn,211,66,val,0.338532052095035
gnn,211,67,train,0.2909649607289735
gnn,211,67,val,0.33205173483852346
gnn,211,68,train,0.30691929981825294
gnn,211,68,val,0.34658104711733223
gnn,211,69,train,0.3237437675319776
gnn,211,69,val,0.3472607833871897
gnn,211,70,train,0.28996342388818797
gnn,211,70,val,0.35859826864696026
gnn,211,71,train,0.27665724227091304
gnn,211,71,val,0.34828152923856887
gnn,211,72,train,0.3135199502413807
gnn,211,72,val,0.3561005345953483
gnn,211,73,train,0.29642807402898963
gnn,211,73,val,0.35465660867162446
gnn,211,74,train,0.2959761188936838
gnn,211,74,val,0.33861708066288043
gnn,211,75,train,0.3040214991971843
gnn,211,75,val,0.34973797202921
gnn,211,76,train,0.293266958288646
gnn,211,76,val,0.33897279424398574
gnn,211,77,train,0.3038656498707137
gnn,211,77,val,0.3561195832019953
gnn,211,78,train,0.2944626476122346
gnn,211,78,val,0.34004495720521266
gnn,211,79,train,0.30170351449759814
gnn,211,79,val,0.3525324858782898
gnn,211,80,train,0.29587758654202434
gnn,211,80,val,0.34355438389027
gnn,211,81,train,0.2983222644009678
gnn,211,81,val,0.35393925278281163
gnn,211,82,train,0.3067226994048573
gnn,211,82,val,0.34794195315219556
gnn,211,83,train,0.28514112761205146
gnn,211,83,val,0.3457522767681668
gnn,211,84,train,0.28653651445921663
gnn,211,84,val,0.34570269444345564
gnn,211,85,train,0.28615488153740176
gnn,211,85,val,0.34678162085559305
gnn,211,86,train,0.29340541256287805
gnn,211,86,val,0.3501474746575639
gnn,211,87,train,0.28766138359021587
gnn,211,87,val,0.347032198136805
gnn,211,88,train,0.30272154435729903
gnn,211,88,val,0.3512525933723183
gnn,211,89,train,0.28457554711535193
gnn,211,89,val,0.34225233439965924
gnn,211,90,train,0.2823255302085948
gnn,211,90,val,0.3499656765002377
gnn,211,91,train,0.29651793253925446
gnn,211,91,val,0.34974306615229134
gnn,211,92,train,0.29565880253201465
gnn,211,92,val,0.33912461317735176
gnn,211,93,train,0.2944073238153979
gnn,211,93,val,0.3365479297571786
gnn,211,94,train,0.29535173478817567
gnn,211,94,val,0.34805057945359213
gnn,211,95,train,0.3065069005810724
gnn,211,95,val,0.3461348205421913
gnn,211,96,train,0.2893257386376724
gnn,211,96,val,0.3494998784136595
gnn,211,97,train,0.3123136644963822
gnn,211,97,val,0.34463465990691644
gnn,211,98,train,0.29113052192229066
gnn,211,98,val,0.3510066221184373
gnn,211,99,train,0.2951652407127228
gnn,211,99,val,0.3411504327743993
gnn,211,100,train,0.2933139421573954
gnn,211,100,val,0.34636221610204626
gnn,421,1,train,1.4564317663091582
gnn,421,1,val,1.341633965771155
gnn,421,2,train,1.3661809306085868
gnn,421,2,val,1.2195727658458548
gnn,421,3,train,1.482136601582566
gnn,421,3,val,1.1858155342437002
gnn,421,4,train,1.2687725999063233
gnn,421,4,val,1.0617500649431686
gnn,421,5,train,1.2424709206201423
gnn,421,5,val,0.8931350065250067
gnn,421,6,train,1.0908892231345069
gnn,421,6,val,0.875084647007576
gnn,421,7,train,1.0495993334595448
gnn,421,7,val,0.8547972995412996
gnn,421,8,train,1.0184152118784104
gnn,421,8,val,0.877821672921842
gnn,421,9,train,1.0642284468159198
gnn,421,9,val,0.8018697465357312
gnn,421,10,train,0.8521186466571711
gnn,421,10,val,0.7542873210818067
gnn,421,11,train,0.8248663939720452
gnn,421,11,val,0.7314849388308929
gnn,421,12,train,0.8452099078356402
gnn,421,12,val,0.5979687584053868
gnn,421,13,train,0.8141972200417378
gnn,421,13,val,0.6907967588141628
gnn,421,14,train,0.7902567459121437
gnn,421,14,val,0.6498594889775916
gnn,421,15,train,0.6734529278999042
gnn,421,15,val,0.6701134571935712
gnn,421,16,train,0.7010807583385387
gnn,421,16,val,0.48935639226902694
gnn,421,17,train,0.6601826010433879
gnn,421,17,val,0.6795008492757473
gnn,421,18,train,0.666101992287382
gnn,421,18,val,0.5393840572177425
gnn,421,19,train,0.6003131280237192
gnn,421,19,val,0.557939075391213
gnn,421,20,train,0.5886511351792694
gnn,421,20,val,0.5897672258511281
gnn,421,21,train,0.5856059031203482
gnn,421,21,val,0.5422989691975646
gnn,421,22,train,0.5669874008123743
gnn,421,22,val,0.5285981144332792
gnn,421,23,train,0.5219353502495874
gnn,421,23,val,0.5460705460506755
gnn,421,24,train,0.49492468178265037
gnn,421,24,val,0.5078909046320952
gnn,421,25,train,0.52036930557725
gnn,421,25,val,0.490123589491272
gnn,421,26,train,0.5403980554414322
gnn,421,26,val,0.5482002099470255
gnn,421,27,train,0.5015011327122035
gnn,421,27,val,0.5367427128476858
gnn,421,28,train,0.46586776990551304
gnn,421,28,val,0.4135379840540426
gnn,421,29,train,0.4837295510197106
gnn,421,29,val,0.42614715015866617
gnn,421,30,train,0.4321704565314642
gnn,421,30,val,0.5251349501409276
gnn,421,31,train,0.43011611862803406
gnn,421,31,val,0.40610288459756816
gnn,421,32,train,0.3796724738180659
gnn,421,32,val,0.49113492898710914
gnn,421,33,train,0.41290705590565424
gnn,421,33,val,0.41172740949336323
gnn,421,34,train,0.42966136015446055
gnn,421,34,val,0.4505644590094773
gnn,421,35,train,0.40318289983347155
gnn,421,35,val,0.4100389441955613
gnn,421,36,train,0.40517034563565096
gnn,421,36,val,0.4430572434228643
gnn,421,37,train,0.3774400217367212
gnn,421,37,val,0.38164559163878187
gnn,421,38,train,0.42859324841341045
gnn,421,38,val,0.4084578238337433
gnn,421,39,train,0.3998976788902187
gnn,421,39,val,0.44263119932591655
gnn,421,40,train,0.3765327424902694
gnn,421,40,val,0.42769757182883217
gnn,421,41,train,0.37419378109880075
gnn,421,41,val,0.3764791223557868
gnn,421,42,train,0.4118383941321939
gnn,421,42,val,0.3994897323357871
gnn,421,43,train,0.364052544422366
gnn,421,43,val,0.40900256828580134
gnn,421,44,train,0.40072972174555377
gnn,421,44,val,0.39604863199068874
gnn,421,45,train,0.3913135419016741
gnn,421,45,val,0.37982366761267067
gnn,421,46,train,0.3444785316399564
gnn,421,46,val,0.4017365391450889
gnn,421,47,train,0.3635147497131741
gnn,421,47,val,0.424987555244259
gnn,421,48,train,0.38355146960652403
gnn,421,48,val,0.3965882062541742
gnn,421,49,train,0.39323425374880266
gnn,421,49,val,0.38425082583299214
gnn,421,50,train,0.413438711725531
gnn,421,50,val,0.37783360081135603
gnn,421,51,train,0.4067716961820945
gnn,421,51,val,0.38497234165985866
gnn,421,52,train,0.3501064695492866
gnn,421,52,val,0.36706992254847953
gnn,421,53,train,0.3511545322550586
gnn,421,53,val,0.39684412392364343
gnn,421,54,train,0.3292890954534245
gnn,421,54,val,0.3563220636852638
gnn,421,55,train,0.36805865437766877
gnn,421,55,val,0.36384422028886143
gnn,421,56,train,0.3747908895339504
gnn,421,56,val,0.37211901813821624
gnn,421,57,train,0.36867056882196286
gnn,421,57,val,0.4063639515906785
gnn,421,58,train,0.3512999853247641
gnn,421,58,val,0.4018104536328895
gnn,421,59,train,0.36934450305617667
gnn,421,59,val,0.37849817029418076
gnn,421,60,train,0.36332929711657913
gnn,421,60,val,0.40278241304948703
gnn,421,61,train,0.3618294510281135
gnn,421,61,val,0.3876292102745748
gnn,421,62,train,0.33679429160043495
gnn,421,62,val,0.3968692906388349
gnn,421,63,train,0.3464689362114168
gnn,421,63,val,0.3918833867853307
gnn,421,64,train,0.3572818086239631
gnn,421,64,val,0.38847888830946503
gnn,421,65,train,0.3390079693932514
gnn,421,65,val,0.3991192984116261
gnn,421,66,train,0.3371577049420921
gnn,421,66,val,0.3809365748856644
gnn,421,67,train,0.3735115315491113
gnn,421,67,val,0.37554642890955553
gnn,421,68,train,0.3726816712946384
gnn,421,68,val,0.37129392233105846
gnn,421,69,train,0.3521633264205007
gnn,421,69,val,0.378521895713057
gnn,421,70,train,0.3537281475238007
gnn,421,70,val,0.3813089604364199
gnn,421,71,train,0.3563146281922192
gnn,421,71,val,0.38579250780297664
gnn,421,72,train,0.3533546016538611
gnn,421,72,val,0.380230235364196
gnn,421,73,train,0.36587405456921623
gnn,421,73,val,0.3896630535104201
gnn,421,74,train,0.34956161891227927
gnn,421,74,val,0.3849876809778319
gnn,421,75,train,0.35470610332967845
gnn,421,75,val,0.3821299842359455
gnn,421,76,train,0.34853183601054655
gnn,421,76,val,0.3718444882695705
gnn,421,77,train,0.34621485391313356
gnn,421,77,val,0.3838705462300022
gnn,421,78,train,0.3631703303804878
gnn,421,78,val,0.3822369100846211
gnn,421,79,train,0.34764607749132204
gnn,421,79,val,0.38216831303888876
gnn,421,80,train,0.35414342430201945
gnn,421,80,val,0.3756053275411426
gnn,421,81,train,0.3634225587286496
gnn,421,81,val,0.3694596554577808
gnn,421,82,train,0.35167888945970355
gnn,421,82,val,0.3864869885780228
gnn,421,83,train,0.35648510265678124
gnn,421,83,val,0.38630463444012514
gnn,421,84,train,0.3491168398839013
gnn,421,84,val,0.37861906618612634
gnn,421,85,train,0.3558717571650498
gnn,421,85,val,0.37703559888143107
gnn,421,86,train,0.34814185774578704
gnn,421,86,val,0.3857718341748422
gnn,421,87,train,0.36311717813570316
gnn,421,87,val,0.37176131117838696
gnn,421,88,train,0.35196076210749233
gnn,421,88,val,0.3817070714939601
gnn,421,89,train,0.36199576910424586
gnn,421,89,val,0.37366751136511295
gnn,421,90,train,0.35253092344926057
gnn,421,90,val,0.38538656361997387
gnn,421,91,train,0.3489556864082426
gnn,421,91,val,0.3904272084642848
gnn,421,92,train,0.3542395583121749
gnn,421,92,val,0.38151359029143567
gnn,421,93,train,0.3530149476486834
gnn,421,93,val,0.3846044354046724
gnn,421,94,train,0.3473635534448131
gnn,421,94,val,0.38988582354892976
gnn,421,95,train,0.3503722141230178
gnn,421,95,val,0.3836860625979036
gnn,421,96,train,0.3563801943420795
gnn,421,96,val,0.3784790428811536
gnn,421,97,train,0.3496553532692122
gnn,421,97,val,0.3801095551754731
gnn,421,98,train,0.3582552277548913
gnn,421,98,val,0.38614357605174726
gnn,421,99,train,0.35600107157184413
gnn,421,99,val,0.3732763033055645
gnn,421,100,train,0.3541344310428142
gnn,421,100,val,0.3826462209508316
gnn,563,1,train,1.4128228630437574
gnn,563,1,val,1.3797182229524603
gnn,563,2,train,1.3986542353199292
gnn,563,2,val,1.2415992443567139
gnn,563,3,train,1.2693550070449988
gnn,563,3,val,1.2126435919864715
gnn,563,4,train,1.1826571994848767
gnn,563,4,val,1.0682471446230417
gnn,563,5,train,1.1778704387984495
gnn,563,5,val,0.9686867607532403
gnn,563,6,train,1.0869268961407947
gnn,563,6,val,0.9362825085630865
gnn,563,7,train,0.9255190751926168
gnn,563,7,val,1.0061092335520248
gnn,563,8,train,0.9654954783937397
gnn,563,8,val,0.9012342038758727
gnn,563,9,train,0.9108667478267678
gnn,563,9,val,0.8574845612299974
gnn,563,10,train,0.8278666469382974
gnn,563,10,val,0.7495481402124125
gnn,563,11,train,0.7381385388566015
gnn,563,11,val,0.790216678994494
gnn,563,12,train,0.7051311270910089
gnn,563,12,val,0.8296000155924971
gnn,563,13,train,0.6507162840049391
gnn,563,13,val,0.6907140083843246
gnn,563,14,train,0.704636815282279
gnn,563,14,val,0.7087250725175794
gnn,563,15,train,0.6709618431712436
gnn,563,15,val,0.5738183198778939
gnn,563,16,train,0.6557534043687887
gnn,563,16,val,0.533231610602164
gnn,563,17,train,0.6022627300715953
gnn,563,17,val,0.5484901986802988
gnn,563,18,train,0.5242186647319
gnn,563,18,val,0.48805264214447575
gnn,563,19,train,0.5527289778276954
gnn,563,19,val,0.5023309863608999
gnn,563,20,train,0.5860236774376677
gnn,563,20,val,0.5776752540592286
gnn,563,21,train,0.5348167484204445
gnn,563,21,val,0.5175534703585989
gnn,563,22,train,0.48834715887736224
gnn,563,22,val,0.4568220725576854
gnn,563,23,train,0.5102943428728101
gnn,563,23,val,0.4787005559030325
gnn,563,24,train,0.4541202938248848
gnn,563,24,val,0.4470514497396863
gnn,563,25,train,0.41163239847066274
gnn,563,25,val,0.4643158834086358
gnn,563,26,train,0.3885851189156882
gnn,563,26,val,0.3836283484062044
gnn,563,27,train,0.3791476168832704
gnn,563,27,val,0.4319672098817688
gnn,563,28,train,0.42137103166706497
gnn,563,28,val,0.4103084725464616
gnn,563,29,train,0.3794863750316203
gnn,563,29,val,0.40166976228647844
gnn,563,30,train,0.34961756840485736
gnn,563,30,val,0.4238390782601668
gnn,563,31,train,0.38502367184103753
gnn,563,31,val,0.392948870863444
gnn,563,32,train,0.42817419248143235
gnn,563,32,val,0.39693679772261853
gnn,563,33,train,0.34506991225721867
gnn,563,33,val,0.3553489761792735
gnn,563,34,train,0.3306245685619337
gnn,563,34,val,0.37176427495184605
gnn,563,35,train,0.3096736565507989
gnn,563,35,val,0.37941946732234505
gnn,563,36,train,0.30676339188354423
gnn,563,36,val,0.3589591681954507
gnn,563,37,train,0.28266788433159173
gnn,563,37,val,0.34151633816885496
gnn,563,38,train,0.2960355047747099
gnn,563,38,val,0.34277763484713153
gnn,563,39,train,0.3378025385845084
gnn,563,39,val,0.33975439588237305
gnn,563,40,train,0.2818153457325953
gnn,563,40,val,0.30522489433221417
gnn,563,41,train,0.3127977712813979
gnn,563,41,val,0.34075693831557474
gnn,563,42,train,0.29025043189854544
gnn,563,42,val,0.3270429366443483
gnn,563,43,train,0.2966387152126823
gnn,563,43,val,0.3348506707008
gnn,563,44,train,0.2658409801390845
gnn,563,44,val,0.35753744052141173
gnn,563,45,train,0.3113346381090686
gnn,563,45,val,0.31381334346494555
gnn,563,46,train,0.3108054134776673
gnn,563,46,val,0.3299984197863849
gnn,563,47,train,0.3308011819689939
gnn,563,47,val,0.3432348091922732
gnn,563,48,train,0.2853998519096029
gnn,563,48,val,0.34477087842637494
gnn,563,49,train,0.32188294880846685
gnn,563,49,val,0.3154882857487592
gnn,563,50,train,0.3072010228294375
gnn,563,50,val,0.34485645896117856
gnn,563,51,train,0.29958231436872645
gnn,563,51,val,0.3361835128823393
gnn,563,52,train,0.2778400554231217
gnn,563,52,val,0.32739476370834275
gnn,563,53,train,0.305968417280162
gnn,563,53,val,0.3112200019801027
gnn,563,54,train,0.2864943785297167
gnn,563,54,val,0.32441111131013234
gnn,563,55,train,0.282914468114042
gnn,563,55,val,0.307036964587887
gnn,563,56,train,0.2922923330944233
gnn,563,56,val,0.30640108032707836
gnn,563,57,train,0.2889068486455736
gnn,563,57,val,0.3129923422872096
gnn,563,58,train,0.28986818487768057
gnn,563,58,val,0.31830219385220465
gnn,563,59,train,0.29674209872901447
gnn,563,59,val,0.3297097197911133
gnn,563,60,train,0.2735136101948407
gnn,563,60,val,0.3171365990575882
gnn,563,61,train,0.2984132664425627
gnn,563,61,val,0.3440213263536484
gnn,563,62,train,0.2657893269447966
gnn,563,62,val,0.32303133793571526
gnn,563,63,train,0.2906992147202477
gnn,563,63,val,0.2821805738301738
gnn,563,64,train,0.2918249192658027
gnn,563,64,val,0.3267655011430322
gnn,563,65,train,0.295234793615663
gnn,563,65,val,0.3126857368460488
gnn,563,66,train,0.2760612318716528
gnn,563,66,val,0.3106795537470587
gnn,563,67,train,0.2918949945773985
gnn,563,67,val,0.317036454728397
gnn,563,68,train,0.26808473329457105
gnn,563,68,val,0.33247642273183386
gnn,563,69,train,0.28365780532413687
gnn,563,69,val,0.32682594880757737
gnn,563,70,train,0.2686389350465859
gnn,563,70,val,0.311959857574268
gnn,563,71,train,0.2909398299378197
gnn,563,71,val,0.3120589647633172
gnn,563,72,train,0.2818958000697643
gnn,563,72,val,0.3240585126071281
gnn,563,73,train,0.28234435652539797
gnn,563,73,val,0.32655806814099353
gnn,563,74,train,0.28638507222842513
gnn,563,74,val,0.30769016555259227
gnn,563,75,train,0.28887684479945247
gnn,563,75,val,0.3044791350123523
gnn,563,76,train,0.2896760586592083
gnn,563,76,val,0.30816442702866
gnn,563,77,train,0.2808535048123264
gnn,563,77,val,0.31531226214294733
gnn,563,78,train,0.27897300227217897
gnn,563,78,val,0.3022031456510564
gnn,563,79,train,0.2845920540286566
gnn,563,79,val,0.3147640036007954
gnn,563,80,train,0.2989298847782367
gnn,563,80,val,0.30259685471149367
gnn,563,81,train,0.2821399746986628
gnn,563,81,val,0.3177964490856977
gnn,563,82,train,0.2763915305505624
gnn,563,82,val,0.3109084749875907
gnn,563,83,train,0.28821605632937153
gnn,563,83,val,0.3098135170174337
gnn,563,84,train,0.275781045954436
gnn,563,84,val,0.3122021245200798
gnn,563,85,train,0.28352293581828225
gnn,563,85,val,0.31357526349435133
gnn,563,86,train,0.2861630409424325
gnn,563,86,val,0.3091957033173887
gnn,563,87,train,0.28333415267641887
gnn,563,87,val,0.30351960573912146
gnn,563,88,train,0.2825196998884271
gnn,563,88,val,0.3085348546652905
gnn,563,89,train,0.28583436249257427
gnn,563,89,val,0.31101621292950155
gnn,563,90,train,0.2690181591032105
gnn,563,90,val,0.30690511626487343
gnn,563,91,train,0.2792600072645333
gnn,563,91,val,0.31071162114602113
gnn,563,92,train,0.2822409064873117
gnn,563,92,val,0.30933439138102337
gnn,563,93,train,0.2888264011178468
gnn,563,93,val,0.3162918355492045
gnn,563,94,train,0.2807608338981476
gnn,563,94,val,0.3090980865030355
gnn,563,95,train,0.28039227173724857
gnn,563,95,val,0.31049840143399465
gnn,563,96,train,0.27846514312175996
gnn,563,96,val,0.31798434509035767
gnn,563,97,train,0.2791934677659891
gnn,563,97,val,0.30392742232363434
gnn,563,98,train,0.282088176198834
gnn,563,98,val,0.3171287809549473
gnn,563,99,train,0.2797670439314222
gnn,563,99,val,0.30260246547941494
gnn,563,100,train,0.2878828704313479
gnn,563,100,val,0.3076777476497139
gnn,719,1,train,1.6088230125438407
gnn,719,1,val,1.2620724617873078
gnn,719,2,train,1.4183413917965897
gnn,719,2,val,1.1315320629103858
gnn,719,3,train,1.3243845854277563
gnn,719,3,val,0.9598271961661601
gnn,719,4,train,1.2627855232746847
gnn,719,4,val,0.9573970095232889
gnn,719,5,train,1.2410024887977598
gnn,719,5,val,0.8585449963110525
gnn,719,6,train,1.1978409375218682
gnn,719,6,val,0.7561260103171655
gnn,719,7,train,1.1195114490096771
gnn,719,7,val,0.794431047632545
gnn,719,8,train,0.9740232557724267
gnn,719,8,val,0.7771800970314818
gnn,719,9,train,0.8383853370450134
gnn,719,9,val,0.7821882591368791
gnn,719,10,train,0.8990042039500811
gnn,719,10,val,0.7497200929744781
gnn,719,11,train,0.8196622393212163
gnn,719,11,val,0.6913198462384951
gnn,719,12,train,0.7494204228839004
gnn,719,12,val,0.6427747258787851
gnn,719,13,train,0.6852468201554441
gnn,719,13,val,0.6758482772280897
gnn,719,14,train,0.7045862632380658
gnn,719,14,val,0.629151876167392
gnn,719,15,train,0.5649718829289481
gnn,719,15,val,0.4720811654866308
gnn,719,16,train,0.6449860603577058
gnn,719,16,val,0.548689136768705
gnn,719,17,train,0.5636537315552794
gnn,719,17,val,0.5356393799953884
gnn,719,18,train,0.5110751837925614
gnn,719,18,val,0.4579959507734991
gnn,719,19,train,0.6615001029091486
gnn,719,19,val,0.42706081482941977
gnn,719,20,train,0.6649833583947076
gnn,719,20,val,0.415022182631672
gnn,719,21,train,0.5023576035469749
gnn,719,21,val,0.4625119587563361
gnn,719,22,train,0.48285125267107704
gnn,719,22,val,0.4969312948972344
gnn,719,23,train,0.4149164012351356
gnn,719,23,val,0.46423537173160595
gnn,719,24,train,0.46941392048776254
gnn,719,24,val,0.475719635595392
gnn,719,25,train,0.48623772554815475
gnn,719,25,val,0.4416315250483829
gnn,719,26,train,0.5000296905077184
gnn,719,26,val,0.3723258743663846
gnn,719,27,train,0.39930681136061164
gnn,719,27,val,0.33417527462611335
gnn,719,28,train,0.3407072511090691
gnn,719,28,val,0.39621533434701633
gnn,719,29,train,0.400383216719511
gnn,719,29,val,0.3593902658076896
gnn,719,30,train,0.4402251100262725
gnn,719,30,val,0.41278158865083586
gnn,719,31,train,0.36902350582189164
gnn,719,31,val,0.3902528885715316
gnn,719,32,train,0.39404695712120125
gnn,719,32,val,0.45591339492363414
gnn,719,33,train,0.37492865702136097
gnn,719,33,val,0.3851633887554376
gnn,719,34,train,0.3397241173491388
gnn,719,34,val,0.3540940514856656
gnn,719,35,train,0.3412323476623365
gnn,719,35,val,0.334238091754005
gnn,719,36,train,0.41240042503196367
gnn,719,36,val,0.3180975488630123
gnn,719,37,train,0.34520426718968783
gnn,719,37,val,0.33285050304495756
gnn,719,38,train,0.30890343762389927
gnn,719,38,val,0.3086223596250533
gnn,719,39,train,0.3420822391510323
gnn,719,39,val,0.3367970644079644
gnn,719,40,train,0.30250019925224186
gnn,719,40,val,0.317330513500282
gnn,719,41,train,0.35367106269923976
gnn,719,41,val,0.3382139948470971
gnn,719,42,train,0.34262905028907775
gnn,719,42,val,0.3459376624198564
gnn,719,43,train,0.2981077831151974
gnn,719,43,val,0.3122055419376553
gnn,719,44,train,0.30021612040942536
gnn,719,44,val,0.3251325794455894
gnn,719,45,train,0.3301718821776447
gnn,719,45,val,0.3258872081588559
gnn,719,46,train,0.28213625963587097
gnn,719,46,val,0.32285283863909403
gnn,719,47,train,0.35249142301322123
gnn,719,47,val,0.3137238399222227
gnn,719,48,train,0.3160201191446978
gnn,719,48,val,0.3087168446377071
gnn,719,49,train,0.33986773946417953
gnn,719,49,val,0.3299204462596728
gnn,719,50,train,0.3354429043217775
gnn,719,50,val,0.3296589222903982
gnn,719,51,train,0.32744591703687886
gnn,719,51,val,0.3067163517560499
gnn,719,52,train,0.3052199483338151
gnn,719,52,val,0.32413646348584646
gnn,719,53,train,0.34355475963330606
gnn,719,53,val,0.33257979609588406
gnn,719,54,train,0.3112388054141379
gnn,719,54,val,0.34303427934428465
gnn,719,55,train,0.32286030793084247
gnn,719,55,val,0.2971168322020238
gnn,719,56,train,0.3083260351085721
gnn,719,56,val,0.2965927987509078
gnn,719,57,train,0.33394673518048157
gnn,719,57,val,0.3365320804980164
gnn,719,58,train,0.301539926658539
gnn,719,58,val,0.31353768166248885
gnn,719,59,train,0.3255828995108874
gnn,719,59,val,0.31715377549627277
gnn,719,60,train,0.2940971758980806
gnn,719,60,val,0.32288767722361367
gnn,719,61,train,0.2998276244673652
gnn,719,61,val,0.32532218208533054
gnn,719,62,train,0.31202142061583216
gnn,719,62,val,0.3109621967990662
gnn,719,63,train,0.2846330507957893
gnn,719,63,val,0.3018421327634727
gnn,719,64,train,0.31337610967270924
gnn,719,64,val,0.3312018750781227
gnn,719,65,train,0.2929086151917486
gnn,719,65,val,0.32031571766727396
gnn,719,66,train,0.296347334149587
gnn,719,66,val,0.32903134553076663
gnn,719,67,train,0.2962823500788014
gnn,719,67,val,0.3098709515921502
gnn,719,68,train,0.2986123288219371
gnn,719,68,val,0.3226486126772596
gnn,719,69,train,0.294653107299046
gnn,719,69,val,0.3177246398739181
gnn,719,70,train,0.3068439562723328
gnn,719,70,val,0.3217441652648142
gnn,719,71,train,0.29313263634506265
gnn,719,71,val,0.33338013970208813
gnn,719,72,train,0.31030161697184405
gnn,719,72,val,0.3176919456363482
gnn,719,73,train,0.28586935418433196
gnn,719,73,val,0.31360036406180714
gnn,719,74,train,0.29160008082764216
gnn,719,74,val,0.31749158656443144
gnn,719,75,train,0.3089371148733423
gnn,719,75,val,0.30588795419666404
gnn,719,76,train,0.29263466547638467
gnn,719,76,val,0.31254781329337655
gnn,719,77,train,0.29694954854363037
gnn,719,77,val,0.3029850980674759
gnn,719,78,train,0.30605787566265474
gnn,719,78,val,0.32368067136515
gnn,719,79,train,0.29606587890797864
gnn,719,79,val,0.3198919606698919
gnn,719,80,train,0.2954463525302623
gnn,719,80,val,0.320730172752304
gnn,719,81,train,0.2775371183310322
gnn,719,81,val,0.30317189371236664
gnn,719,82,train,0.29662947289988567
gnn,719,82,val,0.3214943681216702
gnn,719,83,train,0.28292329470134736
gnn,719,83,val,0.3087533043947906
gnn,719,84,train,0.2910213875716141
gnn,719,84,val,0.30725828581739917
gnn,719,85,train,0.3056326356574965
gnn,719,85,val,0.3096304282187549
gnn,719,86,train,0.2997098859370006
gnn,719,86,val,0.30853795241346293
gnn,719,87,train,0.29782141102684645
gnn,719,87,val,0.30460544705929676
gnn,719,88,train,0.29639962150160304
gnn,719,88,val,0.30736739455710194
gnn,719,89,train,0.3054961827998418
gnn,719,89,val,0.31230229476461013
gnn,719,90,train,0.2911964700747189
gnn,719,90,val,0.3174789975527919
gnn,719,91,train,0.29397472255178103
gnn,719,91,val,0.30853762003734037
gnn,719,92,train,0.28912498383852375
gnn,719,92,val,0.3161653609727018
gnn,719,93,train,0.304562271333188
gnn,719,93,val,0.3132321601933091
gnn,719,94,train,0.29871851852386755
gnn,719,94,val,0.3182329892888943
gnn,719,95,train,0.2902326479302637
gnn,719,95,val,0.31183551260770437
gnn,719,96,train,0.2984290374960764
gnn,719,96,val,0.3111502963715823
gnn,719,97,train,0.28862824550849026
gnn,719,97,val,0.31027680633193333
gnn,719,98,train,0.29187510519728593
gnn,719,98,val,0.3119791536864792
gnn,719,99,train,0.2889383115451771
gnn,719,99,val,0.31826433967776036
gnn,719,100,train,0.2937970432451741
gnn,719,100,val,0.31897767327571774
gnn,881,1,train,1.0356025157787387
gnn,881,1,val,0.9194943374879929
gnn,881,2,train,1.1053658665223935
gnn,881,2,val,1.018199968734796
gnn,881,3,train,1.0371554708047694
gnn,881,3,val,0.7969741334948826
gnn,881,4,train,1.0384756737752607
gnn,881,4,val,0.9010645776066287
gnn,881,5,train,1.0165948354494307
gnn,881,5,val,0.7566512694549645
gnn,881,6,train,0.9456305278362493
gnn,881,6,val,0.7910533224905277
gnn,881,7,train,0.829124581744992
gnn,881,7,val,0.7448659360165077
gnn,881,8,train,0.8005718036407345
gnn,881,8,val,0.7003165461598831
gnn,881,9,train,0.6466962730957442
gnn,881,9,val,0.6064077935328139
gnn,881,10,train,0.6252305998084268
gnn,881,10,val,0.4642432790114621
gnn,881,11,train,0.6387763824701362
gnn,881,11,val,0.5793555831924994
gnn,881,12,train,0.7570034303346345
gnn,881,12,val,0.5461638671897139
gnn,881,13,train,0.5796009424039872
gnn,881,13,val,0.4884591187570419
gnn,881,14,train,0.6227184772968382
gnn,881,14,val,0.5522998129037603
gnn,881,15,train,0.5840614254448928
gnn,881,15,val,0.5750616870211781
gnn,881,16,train,0.6106915904392777
gnn,881,16,val,0.47448403128226113
gnn,881,17,train,0.5561727885813367
gnn,881,17,val,0.38911638190841635
gnn,881,18,train,0.49541058371725166
gnn,881,18,val,0.5208721333201588
gnn,881,19,train,0.439554326397052
gnn,881,19,val,0.4410429111342648
gnn,881,20,train,0.3408751591283513
gnn,881,20,val,0.4499576763956445
gnn,881,21,train,0.39706363444490883
gnn,881,21,val,0.4452652730991932
gnn,881,22,train,0.4732222698195746
gnn,881,22,val,0.3480993949837182
gnn,881,23,train,0.38958812659025227
gnn,881,23,val,0.41565812141868586
gnn,881,24,train,0.45575489392593616
gnn,881,24,val,0.39991990829026136
gnn,881,25,train,0.4351448113045745
gnn,881,25,val,0.41785777634008264
gnn,881,26,train,0.3452988595125357
gnn,881,26,val,0.3367670624156214
gnn,881,27,train,0.3802900686122296
gnn,881,27,val,0.39337865453757975
gnn,881,28,train,0.3446025979189057
gnn,881,28,val,0.41204166063899705
gnn,881,29,train,0.29981241377024126
gnn,881,29,val,0.4073891469623461
gnn,881,30,train,0.38385076053364614
gnn,881,30,val,0.3462931819058768
gnn,881,31,train,0.3820612392055258
gnn,881,31,val,0.3516223692348831
gnn,881,32,train,0.37133785343376
gnn,881,32,val,0.2560474648116028
gnn,881,33,train,0.40306730320885276
gnn,881,33,val,0.3690355560125419
gnn,881,34,train,0.2888509285231215
gnn,881,34,val,0.3702537802600538
gnn,881,35,train,0.3355340444463336
gnn,881,35,val,0.31270130177853084
gnn,881,36,train,0.3135997510909435
gnn,881,36,val,0.3426540667142692
gnn,881,37,train,0.3636404714517446
gnn,881,37,val,0.3316118907696577
gnn,881,38,train,0.28616550392874995
gnn,881,38,val,0.34002584771346056
gnn,881,39,train,0.3203271460893138
gnn,881,39,val,0.3387149700654787
gnn,881,40,train,0.32912827073803863
gnn,881,40,val,0.33747571645000607
gnn,881,41,train,0.3288511223810902
gnn,881,41,val,0.3298232029018098
gnn,881,42,train,0.338865513374235
gnn,881,42,val,0.33657548451006214
gnn,881,43,train,0.31070957347664885
gnn,881,43,val,0.30464801491767984
gnn,881,44,train,0.32375268504497673
gnn,881,44,val,0.3042973545806443
gnn,881,45,train,0.29774041776469906
gnn,881,45,val,0.3261205090370274
gnn,881,46,train,0.314746964894938
gnn,881,46,val,0.3340567392303413
gnn,881,47,train,0.28199187049453966
gnn,881,47,val,0.3080825533832977
gnn,881,48,train,0.285986749866474
gnn,881,48,val,0.30353859190020854
gnn,881,49,train,0.30740869232389634
gnn,881,49,val,0.2919982490670739
gnn,881,50,train,0.3105844948899296
gnn,881,50,val,0.32786878041797424
gnn,881,51,train,0.30847602656437123
gnn,881,51,val,0.3018811681521373
gnn,881,52,train,0.30204318978503625
gnn,881,52,val,0.33027699704318186
gnn,881,53,train,0.29274738390628047
gnn,881,53,val,0.31711716676161195
gnn,881,54,train,0.3366566741142828
gnn,881,54,val,0.29820354113985253
gnn,881,55,train,0.30569181317035504
gnn,881,55,val,0.32061086360508567
gnn,881,56,train,0.30420871914513953
gnn,881,56,val,0.3172172030133331
gnn,881,57,train,0.26230364815505874
gnn,881,57,val,0.32766469008753574
gnn,881,58,train,0.28774006178866535
gnn,881,58,val,0.31044668295969996
gnn,881,59,train,0.30275762237368176
gnn,881,59,val,0.32532372112049407
gnn,881,60,train,0.2796704580024807
gnn,881,60,val,0.3305198042697316
gnn,881,61,train,0.2750186281701756
gnn,881,61,val,0.2999024325529255
gnn,881,62,train,0.27835211965177903
gnn,881,62,val,0.29923807794383916
gnn,881,63,train,0.29640423794246357
gnn,881,63,val,0.3056782940881566
gnn,881,64,train,0.2769395215574723
gnn,881,64,val,0.3095230344560314
gnn,881,65,train,0.27532853507816035
gnn,881,65,val,0.30772565884084235
gnn,881,66,train,0.2921115805755083
gnn,881,66,val,0.3106590811095265
gnn,881,67,train,0.2606880714046618
gnn,881,67,val,0.298622127618761
gnn,881,68,train,0.2771865588345165
gnn,881,68,val,0.3131132376806412
gnn,881,69,train,0.2915418595231049
gnn,881,69,val,0.3071430748143963
gnn,881,70,train,0.26897537702221136
gnn,881,70,val,0.30865893574971237
gnn,881,71,train,0.2751018609201311
gnn,881,71,val,0.30013896037043514
gnn,881,72,train,0.29047656737902655
gnn,881,72,val,0.3076494806466746
gnn,881,73,train,0.2862492167331391
gnn,881,73,val,0.3059779821083838
gnn,881,74,train,0.2741053376675372
gnn,881,74,val,0.3090921309023277
gnn,881,75,train,0.26778920938928585
gnn,881,75,val,0.29410760989609924
gnn,881,76,train,0.28346747754393875
gnn,881,76,val,0.3004644931717043
gnn,881,77,train,0.28507834516726593
gnn,881,77,val,0.3064215694187036
gnn,881,78,train,0.27831325363751014
gnn,881,78,val,0.31400879704337564
gnn,881,79,train,0.2964515453404149
gnn,881,79,val,0.30299568222741635
gnn,881,80,train,0.28556538967167916
gnn,881,80,val,0.3060691145537132
gnn,881,81,train,0.28066845890104575
gnn,881,81,val,0.3140970531894998
gnn,881,82,train,0.2898717185056033
gnn,881,82,val,0.30726476601713326
gnn,881,83,train,0.2838673044864139
gnn,881,83,val,0.3130319272912499
gnn,881,84,train,0.28292958682004854
gnn,881,84,val,0.32059590309985536
gnn,881,85,train,0.28466048669079685
gnn,881,85,val,0.3093531503170693
gnn,881,86,train,0.29591747873482277
gnn,881,86,val,0.3141473864868332
gnn,881,87,train,0.28034882674258976
gnn,881,87,val,0.31230885156323734
gnn,881,88,train,0.2800914960962659
gnn,881,88,val,0.308614087450037
gnn,881,89,train,0.27750674575204953
gnn,881,89,val,0.3111289469588378
gnn,881,90,train,0.2860237233152711
gnn,881,90,val,0.3150381167863169
gnn,881,91,train,0.2736039466142097
gnn,881,91,val,0.31893576874066587
gnn,881,92,train,0.2868200943724916
gnn,881,92,val,0.3079757763575036
gnn,881,93,train,0.28962489501661515
gnn,881,93,val,0.3035448465589776
gnn,881,94,train,0.27685235460242213
gnn,881,94,val,0.3102500209459954
gnn,881,95,train,0.2796400923620485
gnn,881,95,val,0.3067447199900686
gnn,881,96,train,0.28322687402034524
gnn,881,96,val,0.31110087254627256
gnn,881,97,train,0.2779417799033281
gnn,881,97,val,0.3140077661945306
gnn,881,98,train,0.28208772864103937
gnn,881,98,val,0.30467844166357877
gnn,881,99,train,0.27642413487405076
gnn,881,99,val,0.3120848408974463
gnn,881,100,train,0.27799276899019004
gnn,881,100,val,0.31680893273227795
gnn,997,1,train,1.3693085363432715
gnn,997,1,val,1.001618202735403
gnn,997,2,train,1.3299369634442004
gnn,997,2,val,0.9042156668239888
gnn,997,3,train,1.1992460511880823
gnn,997,3,val,0.8489993108457355
gnn,997,4,train,1.0946750647280923
gnn,997,4,val,0.8457610955361019
gnn,997,5,train,0.930929366163873
gnn,997,5,val,0.7059466948566416
gnn,997,6,train,0.943821220828695
gnn,997,6,val,0.6793395980559513
gnn,997,7,train,1.0485366613938492
gnn,997,7,val,0.6672237619984324
gnn,997,8,train,0.9996138502082961
gnn,997,8,val,0.6732206722573277
gnn,997,9,train,0.7714562515116986
gnn,997,9,val,0.5889509381015842
gnn,997,10,train,0.8043250668309666
gnn,997,10,val,0.6967693296272693
gnn,997,11,train,0.819463001861071
gnn,997,11,val,0.593485429808018
gnn,997,12,train,0.7819831932674638
gnn,997,12,val,0.6153060239428109
gnn,997,13,train,0.6345100473024349
gnn,997,13,val,0.5354607337046302
gnn,997,14,train,0.6373759826443991
gnn,997,14,val,0.5055552800962422
gnn,997,15,train,0.5217196791363494
gnn,997,15,val,0.5081599000756395
gnn,997,16,train,0.5289061579875558
gnn,997,16,val,0.5005928674002028
gnn,997,17,train,0.5063141438248111
gnn,997,17,val,0.42549463914280766
gnn,997,18,train,0.5651795858085655
gnn,997,18,val,0.5091446335579576
gnn,997,19,train,0.5882292429071051
gnn,997,19,val,0.42413514019050713
gnn,997,20,train,0.4790765046030467
gnn,997,20,val,0.4274097221892435
gnn,997,21,train,0.46699085763771475
gnn,997,21,val,0.4687641626405311
gnn,997,22,train,0.45658631070953115
gnn,997,22,val,0.4028611143514226
gnn,997,23,train,0.42320365022241296
gnn,997,23,val,0.48752482490461563
gnn,997,24,train,0.40919589957786673
gnn,997,24,val,0.3141424447305269
gnn,997,25,train,0.43193660757157143
gnn,997,25,val,0.4191152775545887
gnn,997,26,train,0.4572459887417166
gnn,997,26,val,0.41150637735249646
gnn,997,27,train,0.4197590565080331
gnn,997,27,val,0.39647587296894327
gnn,997,28,train,0.39067678397394545
gnn,997,28,val,0.36508804937333017
gnn,997,29,train,0.38817185245696706
gnn,997,29,val,0.4065888541869782
gnn,997,30,train,0.4240192463629031
gnn,997,30,val,0.34757331108573963
gnn,997,31,train,0.2928428545499656
gnn,997,31,val,0.3175132885757069
gnn,997,32,train,0.3862622979271834
gnn,997,32,val,0.35406653424848583
gnn,997,33,train,0.2889879901046533
gnn,997,33,val,0.3139477171096577
gnn,997,34,train,0.31327910830361394
gnn,997,34,val,0.3187276723545042
gnn,997,35,train,0.3494465030193056
gnn,997,35,val,0.37422686907423214
gnn,997,36,train,0.37192267898076403
gnn,997,36,val,0.36718712676819887
gnn,997,37,train,0.35000619381964493
gnn,997,37,val,0.28777560362728527
gnn,997,38,train,0.32405334294927823
gnn,997,38,val,0.3265372131839456
gnn,997,39,train,0.3426594059180338
gnn,997,39,val,0.35557408975002686
gnn,997,40,train,0.28939778756668105
gnn,997,40,val,0.32782276867141885
gnn,997,41,train,0.35664313224762106
gnn,997,41,val,0.3722991817518434
gnn,997,42,train,0.325339993547192
gnn,997,42,val,0.3605418831290713
gnn,997,43,train,0.3054360472767688
gnn,997,43,val,0.3553813711752727
gnn,997,44,train,0.3037183773738756
gnn,997,44,val,0.33180174304326476
gnn,997,45,train,0.3180575304290947
gnn,997,45,val,0.31404724510580845
gnn,997,46,train,0.3140207476937281
gnn,997,46,val,0.3366072122496465
gnn,997,47,train,0.29239988927840915
gnn,997,47,val,0.30149309149886705
gnn,997,48,train,0.31416088054148095
gnn,997,48,val,0.32863363565345155
gnn,997,49,train,0.30978159120415366
gnn,997,49,val,0.3187903219094215
gnn,997,50,train,0.29616941072349934
gnn,997,50,val,0.3186174985170937
gnn,997,51,train,0.27558345247317384
gnn,997,51,val,0.29835618686426335
gnn,997,52,train,0.2880291602885623
gnn,997,52,val,0.3572317437062509
gnn,997,53,train,0.30154572017181874
gnn,997,53,val,0.325007700048063
gnn,997,54,train,0.3162926891507727
gnn,997,54,val,0.31403200612324683
gnn,997,55,train,0.3031290274164677
gnn,997,55,val,0.29741004686317274
gnn,997,56,train,0.29710071985653136
gnn,997,56,val,0.29954392441817185
gnn,997,57,train,0.29753702063591214
gnn,997,57,val,0.31728723661191705
gnn,997,58,train,0.3019578918711672
gnn,997,58,val,0.3511267137817018
gnn,997,59,train,0.31629726370005523
gnn,997,59,val,0.31060937100240776
gnn,997,60,train,0.27187257268903986
gnn,997,60,val,0.32054401370108043
gnn,997,61,train,0.28895202565583417
gnn,997,61,val,0.3185263547337204
gnn,997,62,train,0.30069337792540535
gnn,997,62,val,0.314668772078954
gnn,997,63,train,0.3024249282338799
gnn,997,63,val,0.29564617914877955
gnn,997,64,train,0.29911901781333466
gnn,997,64,val,0.3085948533958699
gnn,997,65,train,0.29844188191777404
gnn,997,65,val,0.30989413078036343
gnn,997,66,train,0.3218726585222823
gnn,997,66,val,0.3165561440382678
gnn,997,67,train,0.2839599089499445
gnn,997,67,val,0.33126901743368536
gnn,997,68,train,0.30825849000535516
gnn,997,68,val,0.3086488965563828
gnn,997,69,train,0.2862435452314007
gnn,997,69,val,0.2980734458939325
gnn,997,70,train,0.2911871163070898
gnn,997,70,val,0.32766339768666675
gnn,997,71,train,0.30658924010462535
gnn,997,71,val,0.30725523845791797
gnn,997,72,train,0.30049603803805913
gnn,997,72,val,0.3130676588707282
gnn,997,73,train,0.2924284461296741
gnn,997,73,val,0.31438796250391066
gnn,997,74,train,0.30162723939322983
gnn,997,74,val,0.29640786555434573
gnn,997,75,train,0.2955308634742566
gnn,997,75,val,0.3236913060481001
gnn,997,76,train,0.2908183637271808
gnn,997,76,val,0.31845597511539525
gnn,997,77,train,0.2904280202322148
gnn,997,77,val,0.3168754820831156
gnn,997,78,train,0.3020646528992654
gnn,997,78,val,0.3178493830723525
gnn,997,79,train,0.30055676325968667
gnn,997,79,val,0.3252533905111892
gnn,997,80,train,0.30531674727482583
gnn,997,80,val,0.32500158619105746
gnn,997,81,train,0.29982948680960775
gnn,997,81,val,0.31441053805914376
gnn,997,82,train,0.29158647065814386
gnn,997,82,val,0.3162418107959795
gnn,997,83,train,0.29330585840191925
gnn,997,83,val,0.32762411035526723
gnn,997,84,train,0.2910548015117371
gnn,997,84,val,0.31957722897520513
gnn,997,85,train,0.28814137086246255
gnn,997,85,val,0.32021161786498537
gnn,997,86,train,0.28718971363169116
gnn,997,86,val,0.31189581231457714
gnn,997,87,train,0.29520061645869866
gnn,997,87,val,0.3060707016726069
gnn,997,88,train,0.2947556891223701
gnn,997,88,val,0.3129189648635775
gnn,997,89,train,0.2921285302558217
gnn,997,89,val,0.3137103365661794
gnn,997,90,train,0.29154361837331316
gnn,997,90,val,0.3278554859319357
gnn,997,91,train,0.2862459240175731
gnn,997,91,val,0.32188202786789444
gnn,997,92,train,0.2890254517855461
gnn,997,92,val,0.3176077364044331
gnn,997,93,train,0.2874293091652742
gnn,997,93,val,0.3147993537739272
gnn,997,94,train,0.2972620668053914
gnn,997,94,val,0.3146309972593871
gnn,997,95,train,0.29355665379105733
gnn,997,95,val,0.3219535812195077
gnn,997,96,train,0.29363424575473074
gnn,997,96,val,0.324391242223512
gnn,997,97,train,0.2997939675950333
gnn,997,97,val,0.3156390258724746
gnn,997,98,train,0.29791064892737085
gnn,997,98,val,0.3098393291223873
gnn,997,99,train,0.29486281193897884
gnn,997,99,val,0.3136751818273606
gnn,997,100,train,0.29761501486923725
gnn,997,100,val,0.3175193659786698
transformer,13,1,train,1.6647454764950114
transformer,13,1,val,1.1524749835585117
transformer,13,2,train,1.6168477919404447
transformer,13,2,val,1.0345505204381866
transformer,13,3,train,1.7433804843060174
transformer,13,3,val,1.029547162402615
transformer,13,4,train,1.5510822203996808
transformer,13,4,val,0.9542607469857054
transformer,13,5,train,1.3231151185125098
transformer,13,5,val,0.8645358551185314
transformer,13,6,train,1.380639453938953
transformer,13,6,val,0.7834826951720621
transformer,13,7,train,1.2719944611034886
transformer,13,7,val,0.9243756931836403
transformer,13,8,train,1.185842789009036
transformer,13,8,val,0.8003004284091931
transformer,13,9,train,1.0943288342573263
transformer,13,9,val,0.7161751611333643
transformer,13,10,train,1.0880872116053664
transformer,13,10,val,0.6405049478607433
transformer,13,11,train,1.0990408348721625
transformer,13,11,val,0.5859052099476927
transformer,13,12,train,1.1017358845619423
transformer,13,12,val,0.7106169218578112
transformer,13,13,train,1.0234763934521915
transformer,13,13,val,0.6810925821905721
transformer,13,14,train,0.8874359508930282
transformer,13,14,val,0.6163564408971849
transformer,13,15,train,0.8915355940024575
transformer,13,15,val,0.5469941044380346
transformer,13,16,train,0.7992534048109098
transformer,13,16,val,0.5245147931415428
transformer,13,17,train,0.8328684108088452
transformer,13,17,val,0.5128003747451639
transformer,13,18,train,0.820425471883291
transformer,13,18,val,0.614184547359463
transformer,13,19,train,0.7621711931765027
transformer,13,19,val,0.4857081245977062
transformer,13,20,train,0.8069275320767119
transformer,13,20,val,0.5674722209710691
transformer,13,21,train,0.7138497858812862
transformer,13,21,val,0.5210273338850784
transformer,13,22,train,0.6583703363309018
transformer,13,22,val,0.5601078551731515
transformer,13,23,train,0.6612461500813178
transformer,13,23,val,0.4767645532557089
transformer,13,24,train,0.6368843720083108
transformer,13,24,val,0.4971974498161904
transformer,13,25,train,0.629898655487094
transformer,13,25,val,0.5076613515597075
transformer,13,26,train,0.5883118325045564
transformer,13,26,val,0.4580803537293154
transformer,13,27,train,0.5334709892260999
transformer,13,27,val,0.4376083339361367
transformer,13,28,train,0.5899002844076446
transformer,13,28,val,0.42020070425880984
transformer,13,29,train,0.5465640832678436
transformer,13,29,val,0.45434196120945136
transformer,13,30,train,0.5222537628893593
transformer,13,30,val,0.35424562936754533
transformer,13,31,train,0.4494012569746332
transformer,13,31,val,0.4378776557135075
transformer,13,32,train,0.48977474008240596
transformer,13,32,val,0.3505354769559851
transformer,13,33,train,0.46929465839385376
transformer,13,33,val,0.42186906448784167
transformer,13,34,train,0.46993219232383765
transformer,13,34,val,0.37479926509447553
transformer,13,35,train,0.43902244441901417
transformer,13,35,val,0.38083924389930013
transformer,13,36,train,0.46120015298993794
transformer,13,36,val,0.3762463332758626
transformer,13,37,train,0.4216533241118335
transformer,13,37,val,0.3925692422556422
transformer,13,38,train,0.41661765197071904
transformer,13,38,val,0.38599184498775374
transformer,13,39,train,0.42531164180929576
transformer,13,39,val,0.36080745330632236
transformer,13,40,train,0.4111317790534613
transformer,13,40,val,0.36310344714984016
transformer,13,41,train,0.4500062213250801
transformer,13,41,val,0.3753688583248855
transformer,13,42,train,0.40697341386032415
transformer,13,42,val,0.3615200178268221
transformer,13,43,train,0.38654269675278297
transformer,13,43,val,0.3482285943852581
transformer,13,44,train,0.38284205270070937
transformer,13,44,val,0.3511079081564869
transformer,13,45,train,0.40093977941089537
transformer,13,45,val,0.34943684765996547
transformer,13,46,train,0.3548903143757609
transformer,13,46,val,0.36505540910772527
transformer,13,47,train,0.38097129238681293
transformer,13,47,val,0.35877261362139284
transformer,13,48,train,0.3663646362430353
transformer,13,48,val,0.33566279050041375
transformer,13,49,train,0.31265987797653294
transformer,13,49,val,0.3472357660472922
transformer,13,50,train,0.3372176556383822
transformer,13,50,val,0.3598823141036361
transformer,13,51,train,0.34732609825745797
transformer,13,51,val,0.3390205198003464
transformer,13,52,train,0.29945777354238423
transformer,13,52,val,0.32467477498958713
transformer,13,53,train,0.3169977967071172
transformer,13,53,val,0.3360064144175729
transformer,13,54,train,0.3110437364265409
transformer,13,54,val,0.3306586728458196
transformer,13,55,train,0.308928462945926
transformer,13,55,val,0.31549440332344725
transformer,13,56,train,0.33397121170408617
transformer,13,56,val,0.3129084845891563
transformer,13,57,train,0.30736612173966876
transformer,13,57,val,0.3144605968220328
transformer,13,58,train,0.30652076903382736
transformer,13,58,val,0.3107080356081485
transformer,13,59,train,0.32377516508515275
transformer,13,59,val,0.3135153797021352
transformer,13,60,train,0.29491181749832707
transformer,13,60,val,0.3187968718422349
transformer,13,61,train,0.29694233258926966
transformer,13,61,val,0.3074698979543527
transformer,13,62,train,0.2775734797146475
transformer,13,62,val,0.3232020125918864
transformer,13,63,train,0.2998294654369098
transformer,13,63,val,0.32511695376288774
transformer,13,64,train,0.28558078136489407
transformer,13,64,val,0.3229877748162882
transformer,13,65,train,0.28620808795611036
transformer,13,65,val,0.3202583019207113
transformer,13,66,train,0.2950787923595283
transformer,13,66,val,0.338924752755031
transformer,13,67,train,0.3020307449078668
transformer,13,67,val,0.30046889896824397
transformer,13,68,train,0.2911201355251998
transformer,13,68,val,0.3058014265438938
transformer,13,69,train,0.28792546588359014
transformer,13,69,val,0.3154802028210754
transformer,13,70,train,0.27201303910129043
transformer,13,70,val,0.3068439736754594
transformer,13,71,train,0.27540443855511765
transformer,13,71,val,0.3108992061454163
transformer,13,72,train,0.28868082356236974
transformer,13,72,val,0.3020742726698664
transformer,13,73,train,0.28387062286138914
transformer,13,73,val,0.30764239623761497
transformer,13,74,train,0.2760072436532461
transformer,13,74,val,0.3126835298798012
transformer,13,75,train,0.2796526243998046
transformer,13,75,val,0.3097939090655028
transformer,13,76,train,0.26434919193085904
transformer,13,76,val,0.31616276356439893
transformer,13,77,train,0.25609186862236233
transformer,13,77,val,0.2953053415505794
transformer,13,78,train,0.272534677803966
transformer,13,78,val,0.2976804985605352
transformer,13,79,train,0.26857195092222047
transformer,13,79,val,0.30832518955768495
transformer,13,80,train,0.268467217040332
transformer,13,80,val,0.30448888632631727
transformer,13,81,train,0.26610135816608776
transformer,13,81,val,0.2918148692852245
transformer,13,82,train,0.27456736063656634
transformer,13,82,val,0.2898661168043006
transformer,13,83,train,0.2694194750084462
transformer,13,83,val,0.29351702341546904
transformer,13,84,train,0.28126800826427706
transformer,13,84,val,0.30746594557296814
transformer,13,85,train,0.257605854303893
transformer,13,85,val,0.3065062463546217
transformer,13,86,train,0.2611817649509379
transformer,13,86,val,0.3005664169925067
transformer,13,87,train,0.2705944100861423
transformer,13,87,val,0.3048269337961505
transformer,13,88,train,0.2715624888775201
transformer,13,88,val,0.29188373941277523
transformer,13,89,train,0.27360393683692696
transformer,13,89,val,0.3084040497516148
transformer,13,90,train,0.2706823022666173
transformer,13,90,val,0.3032262531054596
transformer,13,91,train,0.2661837393509107
transformer,13,91,val,0.3043641348005643
transformer,13,92,train,0.26264931525712193
transformer,13,92,val,0.30029148880891626
transformer,13,93,train,0.25718839411049554
transformer,13,93,val,0.2976073790573944
transformer,13,94,train,0.26089727187687467
transformer,13,94,val,0.3064935777137416
transformer,13,95,train,0.260723585485178
transformer,13,95,val,0.3024502977354347
transformer,13,96,train,0.25786490528521994
transformer,13,96,val,0.29175859609752636
transformer,13,97,train,0.2601254770398979
transformer,13,97,val,0.2949730049222219
transformer,13,98,train,0.2560872762823976
transformer,13,98,val,0.29491056898827145
transformer,13,99,train,0.2588843010712639
transformer,13,99,val,0.2975307584082623
transformer,13,100,train,0.25873366254082064
transformer,13,100,val,0.29833688141798004
transformer,37,1,train,1.509274890483251
transformer,37,1,val,1.4251329207701837
transformer,37,2,train,1.4046624414538376
transformer,37,2,val,1.3279250302896235
transformer,37,3,train,1.441676780865683
transformer,37,3,val,1.1556726807289528
transformer,37,4,train,1.3274408387496435
transformer,37,4,val,1.1079814448263783
transformer,37,5,train,1.3384823608088672
transformer,37,5,val,1.0665140884293953
transformer,37,6,train,1.1807500709268703
transformer,37,6,val,1.0553234623974495
transformer,37,7,train,1.1969687416099415
transformer,37,7,val,1.115533321570113
transformer,37,8,train,1.1684639846061193
transformer,37,8,val,1.057020007025753
transformer,37,9,train,1.1298514768302503
transformer,37,9,val,0.9653717385076919
transformer,37,10,train,1.095840215264492
transformer,37,10,val,0.9616130848557056
transformer,37,11,train,0.9373606966361988
transformer,37,11,val,0.843264227934715
transformer,37,12,train,0.9977796868122272
transformer,37,12,val,0.8802071667812813
transformer,37,13,train,0.8930270959893523
transformer,37,13,val,0.8084054147149595
transformer,37,14,train,0.8340677418870567
transformer,37,14,val,0.7428229387281
transformer,37,15,train,0.8975796792406833
transformer,37,15,val,0.7880032472372739
transformer,37,16,train,0.7692287253766406
transformer,37,16,val,0.7533126074944929
transformer,37,17,train,0.8460284326992007
transformer,37,17,val,0.7540843352962587
transformer,37,18,train,0.6821628243804224
transformer,37,18,val,0.6423621766544566
transformer,37,19,train,0.7423941122528298
transformer,37,19,val,0.6189290229019844
transformer,37,20,train,0.8117070976087865
transformer,37,20,val,0.6803134746978456
transformer,37,21,train,0.614508768159027
transformer,37,21,val,0.6586065708345995
transformer,37,22,train,0.7166616908974716
transformer,37,22,val,0.6784030299595646
transformer,37,23,train,0.6067465069675102
transformer,37,23,val,0.6303473389026683
transformer,37,24,train,0.6719138500961509
transformer,37,24,val,0.6242609421738798
transformer,37,25,train,0.6103099943597198
transformer,37,25,val,0.6212536374376156
transformer,37,26,train,0.5589548087217552
transformer,37,26,val,0.5162746957752575
transformer,37,27,train,0.5679778756104513
transformer,37,27,val,0.5203580504219278
transformer,37,28,train,0.5811127249094531
transformer,37,28,val,0.4729554799320752
transformer,37,29,train,0.5736342089283062
transformer,37,29,val,0.49862025222069767
transformer,37,30,train,0.5870488869163664
transformer,37,30,val,0.502283449659187
transformer,37,31,train,0.6019161736788098
transformer,37,31,val,0.46801294074990046
transformer,37,32,train,0.5415698123400885
transformer,37,32,val,0.5101994435556441
transformer,37,33,train,0.5267620727219329
transformer,37,33,val,0.50871298119295
transformer,37,34,train,0.45459236871608033
transformer,37,34,val,0.4348983939524518
transformer,37,35,train,0.4636734992165555
transformer,37,35,val,0.4837782001919646
transformer,37,36,train,0.47717071452037735
transformer,37,36,val,0.4217455632421254
transformer,37,37,train,0.4389949120018654
transformer,37,37,val,0.41318684804697253
transformer,37,38,train,0.4207027299025222
transformer,37,38,val,0.44870496441979585
transformer,37,39,train,0.42856307969902063
transformer,37,39,val,0.47411902667774886
transformer,37,40,train,0.39937190849706816
transformer,37,40,val,0.4158334326676556
transformer,37,41,train,0.40987327953707386
transformer,37,41,val,0.41230860478448456
transformer,37,42,train,0.40708247191249897
transformer,37,42,val,0.40255891658070386
transformer,37,43,train,0.4014420780242418
transformer,37,43,val,0.43247468412885115
transformer,37,44,train,0.4334866066523836
transformer,37,44,val,0.40877158751488285
transformer,37,45,train,0.36789008173606336
transformer,37,45,val,0.362558101914538
transformer,37,46,train,0.37044564506046473
transformer,37,46,val,0.38624548284894933
transformer,37,47,train,0.3627890250880118
transformer,37,47,val,0.38747433573008394
transformer,37,48,train,0.37226784426957366
transformer,37,48,val,0.3778325014872543
transformer,37,49,train,0.38423860153235123
transformer,37,49,val,0.3861019231576893
transformer,37,50,train,0.32911008534636643
transformer,37,50,val,0.36309493635855433
transformer,37,51,train,0.3726281373072433
transformer,37,51,val,0.3710885743112751
transformer,37,52,train,0.3572723465389307
transformer,37,52,val,0.34960972534087764
transformer,37,53,train,0.3594174110638909
transformer,37,53,val,0.3662719686180406
transformer,37,54,train,0.36772494226591723
transformer,37,54,val,0.35541231522135963
transformer,37,55,train,0.36271562832517046
transformer,37,55,val,0.35555092624843276
transformer,37,56,train,0.35626554180059283
transformer,37,56,val,0.3610232737031432
transformer,37,57,train,0.345075044747319
transformer,37,57,val,0.34916728982082457
transformer,37,58,train,0.3555056364066277
transformer,37,58,val,0.3400711655727295
transformer,37,59,train,0.3112388347868377
transformer,37,59,val,0.32799913179200074
transformer,37,60,train,0.3367641591006425
transformer,37,60,val,0.35892263578808536
transformer,37,61,train,0.3373509302276044
transformer,37,61,val,0.3594036278107151
transformer,37,62,train,0.34796587082639646
transformer,37,62,val,0.35997774980097313
transformer,37,63,train,0.3288308990433102
transformer,37,63,val,0.33585258120705513
transformer,37,64,train,0.32854227991802554
transformer,37,64,val,0.35488584903039516
transformer,37,65,train,0.3230326192421581
transformer,37,65,val,0.3386992903698352
transformer,37,66,train,0.3222783638647833
transformer,37,66,val,0.3396192579225589
transformer,37,67,train,0.3377881830250766
transformer,37,67,val,0.3400100840362788
transformer,37,68,train,0.320017882650587
transformer,37,68,val,0.3464532854271712
transformer,37,69,train,0.31482989253120525
transformer,37,69,val,0.3425267787785415
transformer,37,70,train,0.31955388498230847
transformer,37,70,val,0.3155947987128789
transformer,37,71,train,0.3127934946515904
transformer,37,71,val,0.33758305016218815
transformer,37,72,train,0.31681002257715074
transformer,37,72,val,0.31540762330206906
transformer,37,73,train,0.3112979711391142
transformer,37,73,val,0.3321849556533728
transformer,37,74,train,0.3165044257031084
transformer,37,74,val,0.32760253407702905
transformer,37,75,train,0.3227927999408088
transformer,37,75,val,0.32002925600190063
transformer,37,76,train,0.323175379702993
transformer,37,76,val,0.33471893552258475
transformer,37,77,train,0.31574453182610357
transformer,37,77,val,0.3285551112984066
transformer,37,78,train,0.3150983842036287
transformer,37,78,val,0.32890093143852395
transformer,37,79,train,0.30860518184841845
transformer,37,79,val,0.33593650880563664
transformer,37,80,train,0.3199912862096312
transformer,37,80,val,0.31434002522054766
transformer,37,81,train,0.3065964057771906
transformer,37,81,val,0.33340224148139147
transformer,37,82,train,0.3226794816920992
transformer,37,82,val,0.33102497780992923
transformer,37,83,train,0.3047275973229956
transformer,37,83,val,0.32580935038654557
transformer,37,84,train,0.31734697409230817
transformer,37,84,val,0.3231373041881896
transformer,37,85,train,0.31531329604761016
transformer,37,85,val,0.3267236237652104
transformer,37,86,train,0.30737683968882185
transformer,37,86,val,0.3229545492824672
transformer,37,87,train,0.315123751945788
transformer,37,87,val,0.31652908018522313
transformer,37,88,train,0.3072677230530464
transformer,37,88,val,0.3225963907818254
transformer,37,89,train,0.30563140024893054
transformer,37,89,val,0.3227718462875428
transformer,37,90,train,0.2980673207303103
transformer,37,90,val,0.3240228934422302
transformer,37,91,train,0.30464060923408376
transformer,37,91,val,0.3226928832887492
transformer,37,92,train,0.29622467665070273
transformer,37,92,val,0.31888293993154704
transformer,37,93,train,0.2948128350435762
transformer,37,93,val,0.31374854901786736
transformer,37,94,train,0.3008755042092368
transformer,37,94,val,0.3225210390631054
transformer,37,95,train,0.3070373257058209
transformer,37,95,val,0.3227216348206648
transformer,37,96,train,0.3106943198582392
transformer,37,96,val,0.3233072594723043
transformer,37,97,train,0.3033946750302418
transformer,37,97,val,0.3134302034688152
transformer,37,98,train,0.3023050183639072
transformer,37,98,val,0.32337172391604746
transformer,37,99,train,0.3049939229803251
transformer,37,99,val,0.3220200992206521
transformer,37,100,train,0.29961869956347675
transformer,37,100,val,0.3225531530424665
transformer,73,1,train,1.3555603865525347
transformer,73,1,val,0.9424187231942599
transformer,73,2,train,1.1944348912438332
transformer,73,2,val,0.9663285519633076
transformer,73,3,train,1.2393779583656752
transformer,73,3,val,0.9468942827074808
transformer,73,4,train,1.1191759019314944
transformer,73,4,val,0.9896734913147511
transformer,73,5,train,1.0384964868742332
transformer,73,5,val,0.8306452222498153
transformer,73,6,train,0.9333974795582518
transformer,73,6,val,0.8054974738832116
transformer,73,7,train,0.9298848588276823
transformer,73,7,val,0.7142802915361839
transformer,73,8,train,0.9758852511880916
transformer,73,8,val,0.7708995450137717
transformer,73,9,train,0.9405341520588062
transformer,73,9,val,0.6961282649008627
transformer,73,10,train,0.7969104423077756
transformer,73,10,val,0.7803514327106068
transformer,73,11,train,0.7366249655856731
transformer,73,11,val,0.7745592464237019
transformer,73,12,train,0.7481167988425208
transformer,73,12,val,0.6452742959918008
transformer,73,13,train,0.7806083790354935
transformer,73,13,val,0.6168579645769271
transformer,73,14,train,0.6426964160924917
transformer,73,14,val,0.6484852174495951
transformer,73,15,train,0.7420358656904523
transformer,73,15,val,0.6112241241091567
transformer,73,16,train,0.643290105545373
transformer,73,16,val,0.6447377139427966
transformer,73,17,train,0.6841044294795724
transformer,73,17,val,0.5628762016162661
transformer,73,18,train,0.5355914979751616
transformer,73,18,val,0.5556759829527964
transformer,73,19,train,0.5752293400554188
transformer,73,19,val,0.5045990897967519
transformer,73,20,train,0.5975967876201469
transformer,73,20,val,0.520985429425873
transformer,73,21,train,0.6337692396064433
transformer,73,21,val,0.5683445506077494
transformer,73,22,train,0.50446380833704
transformer,73,22,val,0.4827535819523812
transformer,73,23,train,0.5257988513074237
transformer,73,23,val,0.4509171641003052
transformer,73,24,train,0.4786358021443241
transformer,73,24,val,0.460849832854578
transformer,73,25,train,0.5486041009468234
transformer,73,25,val,0.40677881234146923
transformer,73,26,train,0.5437482737947943
transformer,73,26,val,0.404887997761056
transformer,73,27,train,0.4583619878237692
transformer,73,27,val,0.42778616580129325
transformer,73,28,train,0.5164483252924648
transformer,73,28,val,0.4133022951744343
transformer,73,29,train,0.4307243698675812
transformer,73,29,val,0.42746805732985665
transformer,73,30,train,0.36700009178852994
transformer,73,30,val,0.37110226246305084
transformer,73,31,train,0.46149622631776643
transformer,73,31,val,0.47926403275815443
transformer,73,32,train,0.3866355362502705
transformer,73,32,val,0.3913152038878649
transformer,73,33,train,0.40947328075950257
transformer,73,33,val,0.40100231898687416
transformer,73,34,train,0.4169269030774974
transformer,73,34,val,0.3855431776873567
transformer,73,35,train,0.4245285714481157
transformer,73,35,val,0.4326012206821013
transformer,73,36,train,0.39138500640941526
transformer,73,36,val,0.3643939358142313
transformer,73,37,train,0.3701112150974196
transformer,73,37,val,0.3637814692946757
transformer,73,38,train,0.37869529740703556
transformer,73,38,val,0.33750342970077196
transformer,73,39,train,0.3866005498768772
transformer,73,39,val,0.37643984752621124
transformer,73,40,train,0.34829731954274856
transformer,73,40,val,0.2881484105884523
transformer,73,41,train,0.38004110826774123
transformer,73,41,val,0.3500525299407356
transformer,73,42,train,0.3598745279735658
transformer,73,42,val,0.3219932559285752
transformer,73,43,train,0.32925032518157915
transformer,73,43,val,0.2980908263953765
transformer,73,44,train,0.33545244992881823
transformer,73,44,val,0.3185222989317975
transformer,73,45,train,0.31457341298873703
transformer,73,45,val,0.3025890940294441
transformer,73,46,train,0.3109837653313056
transformer,73,46,val,0.3029633143623259
transformer,73,47,train,0.3622696568653958
transformer,73,47,val,0.315181139618037
transformer,73,48,train,0.32026679884134324
transformer,73,48,val,0.3133304778009094
transformer,73,49,train,0.35501902821104514
transformer,73,49,val,0.3037820701924729
transformer,73,50,train,0.3246218139412748
transformer,73,50,val,0.2980946654038615
transformer,73,51,train,0.27475767130521095
transformer,73,51,val,0.32857019399094517
transformer,73,52,train,0.29402706180804555
transformer,73,52,val,0.287925281097436
transformer,73,53,train,0.2888959203413222
transformer,73,53,val,0.29603890559062573
transformer,73,54,train,0.28622353673942724
transformer,73,54,val,0.2930480569352477
transformer,73,55,train,0.28208610183360383
transformer,73,55,val,0.31855446185190306
transformer,73,56,train,0.2881562865127162
transformer,73,56,val,0.2931117358177861
transformer,73,57,train,0.29247287474887956
transformer,73,57,val,0.2889171944689804
transformer,73,58,train,0.2738228732084768
transformer,73,58,val,0.2861976401371035
transformer,73,59,train,0.3212903479232111
transformer,73,59,val,0.2770319057488139
transformer,73,60,train,0.2670578434043229
transformer,73,60,val,0.2872016685265259
transformer,73,61,train,0.3051429956025367
transformer,73,61,val,0.27442286334463184
transformer,73,62,train,0.2918425672977205
transformer,73,62,val,0.28657722478584247
transformer,73,63,train,0.281651556826149
transformer,73,63,val,0.29239165209251705
transformer,73,64,train,0.2752787250728954
transformer,73,64,val,0.27128043217883
transformer,73,65,train,0.27060787006794607
transformer,73,65,val,0.25268295128355345
transformer,73,66,train,0.27631029967612225
transformer,73,66,val,0.27207463143166694
transformer,73,67,train,0.2696130652356874
transformer,73,67,val,0.2932363053969467
transformer,73,68,train,0.26644990885539677
transformer,73,68,val,0.28447957468445456
transformer,73,69,train,0.2550982908466284
transformer,73,69,val,0.2819459695516053
transformer,73,70,train,0.26913555452911814
transformer,73,70,val,0.27017481552931805
transformer,73,71,train,0.2731105998620428
transformer,73,71,val,0.2739503714631753
transformer,73,72,train,0.2689449598379474
transformer,73,72,val,0.28024153293009674
transformer,73,73,train,0.2669277009942654
transformer,73,73,val,0.27372978221271194
transformer,73,74,train,0.27128508603876
transformer,73,74,val,0.28329295985088015
transformer,73,75,train,0.262810145406112
transformer,73,75,val,0.27243107930369875
transformer,73,76,train,0.27438240530598207
transformer,73,76,val,0.27525098008489696
transformer,73,77,train,0.2635910331087263
transformer,73,77,val,0.27267459072583156
transformer,73,78,train,0.2566511600372207
transformer,73,78,val,0.27715260344446485
transformer,73,79,train,0.24862900946162914
transformer,73,79,val,0.26766471233565664
transformer,73,80,train,0.27130487747312243
transformer,73,80,val,0.2757629368038526
transformer,73,81,train,0.2629727537656751
transformer,73,81,val,0.27294404248599397
transformer,73,82,train,0.2626478203290676
transformer,73,82,val,0.2738081699735793
transformer,73,83,train,0.2657293081721991
transformer,73,83,val,0.2636289411078023
transformer,73,84,train,0.2523915919490106
transformer,73,84,val,0.27332950650679017
transformer,73,85,train,0.2565086430532696
transformer,73,85,val,0.2817145692959672
transformer,73,86,train,0.2534794360769325
transformer,73,86,val,0.25987425603649983
transformer,73,87,train,0.25239358473865897
transformer,73,87,val,0.26084216074628536
transformer,73,88,train,0.25762068115750875
transformer,73,88,val,0.26638165500294503
transformer,73,89,train,0.2535020126308302
transformer,73,89,val,0.26087163948081477
transformer,73,90,train,0.2502367654980681
transformer,73,90,val,0.26479816688364705
transformer,73,91,train,0.2526272456072444
transformer,73,91,val,0.2708386328653148
transformer,73,92,train,0.2514774940340824
transformer,73,92,val,0.2692570592770594
transformer,73,93,train,0.2600880571804268
transformer,73,93,val,0.26790702398639604
transformer,73,94,train,0.2476480774067516
transformer,73,94,val,0.2665305709278725
transformer,73,95,train,0.25231437096840936
transformer,73,95,val,0.26586479318736106
transformer,73,96,train,0.2555053165382484
transformer,73,96,val,0.26313025186444705
transformer,73,97,train,0.25069135255350794
transformer,73,97,val,0.2723167947765686
transformer,73,98,train,0.2575264499745481
transformer,73,98,val,0.2705178218055446
transformer,73,99,train,0.25223073697367016
transformer,73,99,val,0.2665020044370782
transformer,73,100,train,0.2472368965065831
transformer,73,100,val,0.2648911919023729
transformer,101,1,train,1.475632191350992
transformer,101,1,val,1.475806466530234
transformer,101,2,train,1.47116224388231
transformer,101,2,val,1.3202759810932707
transformer,101,3,train,1.3681808377922455
transformer,101,3,val,1.3065769520008592
transformer,101,4,train,1.2432914724367032
transformer,101,4,val,1.1867620448481833
transformer,101,5,train,1.258422900736723
transformer,101,5,val,1.045769445102175
transformer,101,6,train,1.2590836516106205
transformer,101,6,val,1.116428748928743
transformer,101,7,train,1.1027371194877051
transformer,101,7,val,1.0016205508693994
transformer,101,8,train,1.1896153267674474
transformer,101,8,val,1.0750737508247652
transformer,101,9,train,1.1159796448920842
transformer,101,9,val,0.888522236068345
transformer,101,10,train,1.0027412057931102
transformer,101,10,val,0.9932993076049574
transformer,101,11,train,0.9576429877045038
transformer,101,11,val,0.9106473955734047
transformer,101,12,train,0.8953652782363536
transformer,101,12,val,0.9364604182429926
transformer,101,13,train,0.8935925549512436
transformer,101,13,val,0.8684742716946912
transformer,101,14,train,0.8768999627809302
transformer,101,14,val,0.7701128933652344
transformer,101,15,train,0.8046813324650813
transformer,101,15,val,0.7732364431023688
transformer,101,16,train,0.6900106831897914
transformer,101,16,val,0.7383448929581925
transformer,101,17,train,0.7759608750998837
transformer,101,17,val,0.676089367329934
transformer,101,18,train,0.8134775678678975
transformer,101,18,val,0.6112580309979898
transformer,101,19,train,0.5755316708976446
transformer,101,19,val,0.6900028695337631
transformer,101,20,train,0.6372193889969808
transformer,101,20,val,0.6134771989842356
transformer,101,21,train,0.6821174413061163
transformer,101,21,val,0.62537367928071
transformer,101,22,train,0.6218800787974853
transformer,101,22,val,0.5974183369272954
transformer,101,23,train,0.5543311827245102
transformer,101,23,val,0.6330696715045862
transformer,101,24,train,0.5701710699118047
transformer,101,24,val,0.5986520029555332
transformer,101,25,train,0.532889553151046
transformer,101,25,val,0.6426829053545935
transformer,101,26,train,0.5556193533950163
transformer,101,26,val,0.585557003157015
transformer,101,27,train,0.5682738763728432
transformer,101,27,val,0.5345336007968123
transformer,101,28,train,0.5389369207353372
transformer,101,28,val,0.5630788303803229
transformer,101,29,train,0.48053275476025364
transformer,101,29,val,0.4994562131362749
transformer,101,30,train,0.4886586310040683
transformer,101,30,val,0.5225056888773665
transformer,101,31,train,0.45671030586850436
transformer,101,31,val,0.42381707745972597
transformer,101,32,train,0.45656811735778907
transformer,101,32,val,0.4706545702521884
transformer,101,33,train,0.5355119196682109
transformer,101,33,val,0.4544775436460126
transformer,101,34,train,0.44561123146738557
transformer,101,34,val,0.45669482042919424
transformer,101,35,train,0.4194381086676367
transformer,101,35,val,0.4817723551766337
transformer,101,36,train,0.45260189804735057
transformer,101,36,val,0.4130627265151129
transformer,101,37,train,0.42540594669279175
transformer,101,37,val,0.43331878658479
transformer,101,38,train,0.4845492775326061
transformer,101,38,val,0.4406691639457632
transformer,101,39,train,0.3939600049453873
transformer,101,39,val,0.4042480777089344
transformer,101,40,train,0.3903227924257695
transformer,101,40,val,0.4020625673537429
transformer,101,41,train,0.42215842692685324
transformer,101,41,val,0.41305893242139435
transformer,101,42,train,0.3912127368676
transformer,101,42,val,0.35229884958217567
transformer,101,43,train,0.39801303754629175
transformer,101,43,val,0.41626651159869976
transformer,101,44,train,0.37648914510913045
transformer,101,44,val,0.3436369162425533
transformer,101,45,train,0.3570672438761823
transformer,101,45,val,0.37076610620364214
transformer,101,46,train,0.349738479774075
transformer,101,46,val,0.36026632548712295
transformer,101,47,train,0.3703517513719048
transformer,101,47,val,0.3864940922743775
transformer,101,48,train,0.3798337190478555
transformer,101,48,val,0.371095571715931
transformer,101,49,train,0.3466379811744673
transformer,101,49,val,0.3550108450662141
transformer,101,50,train,0.3610209396167954
transformer,101,50,val,0.3946231987967843
transformer,101,51,train,0.33224879129972373
transformer,101,51,val,0.3605459335687226
transformer,101,52,train,0.31071207399515127
transformer,101,52,val,0.3646705722276266
transformer,101,53,train,0.34719860051775153
transformer,101,53,val,0.35574053231607555
transformer,101,54,train,0.34172756980201846
transformer,101,54,val,0.31676619589422383
transformer,101,55,train,0.32011758486582
transformer,101,55,val,0.35803313168399814
transformer,101,56,train,0.3322917754941539
transformer,101,56,val,0.34491561444679
transformer,101,57,train,0.3386056541391374
transformer,101,57,val,0.3471855710637159
transformer,101,58,train,0.3285319329357289
transformer,101,58,val,0.34683776557258283
transformer,101,59,train,0.32036438282491575
transformer,101,59,val,0.3365323157535073
transformer,101,60,train,0.31998912720367056
transformer,101,60,val,0.3379881304551394
transformer,101,61,train,0.3031466663582191
transformer,101,61,val,0.3306724253857063
transformer,101,62,train,0.3343296763719788
transformer,101,62,val,0.34455432159545113
transformer,101,63,train,0.3209222770484989
transformer,101,63,val,0.34604714590030516
transformer,101,64,train,0.30395196195674345
transformer,101,64,val,0.3308294547935057
transformer,101,65,train,0.3011726450577027
transformer,101,65,val,0.35351897977819546
transformer,101,66,train,0.30162469662438296
transformer,101,66,val,0.3072252242744249
transformer,101,67,train,0.321380844236635
transformer,101,67,val,0.3462143361794102
transformer,101,68,train,0.32576392607563365
transformer,101,68,val,0.33305384423415846
transformer,101,69,train,0.2852205114093693
transformer,101,69,val,0.3182855098967531
transformer,101,70,train,0.3093028444357334
transformer,101,70,val,0.33157340898730686
transformer,101,71,train,0.3169828961269812
transformer,101,71,val,0.33179257352839975
transformer,101,72,train,0.3054278478977368
transformer,101,72,val,0.3254463615111035
transformer,101,73,train,0.29770626723127885
transformer,101,73,val,0.31494194092809435
transformer,101,74,train,0.30299497718336277
transformer,101,74,val,0.31602134364660006
transformer,101,75,train,0.29261671024586455
transformer,101,75,val,0.2978178441373081
transformer,101,76,train,0.30324050606361846
transformer,101,76,val,0.3221644708994288
transformer,101,77,train,0.29588552341871205
transformer,101,77,val,0.3185923492005552
transformer,101,78,train,0.2845272956158952
transformer,101,78,val,0.30206991925363746
transformer,101,79,train,0.28743358112940753
transformer,101,79,val,0.3215604768501775
transformer,101,80,train,0.3057998034961583
transformer,101,80,val,0.30090483130078566
transformer,101,81,train,0.2746386086512929
transformer,101,81,val,0.31590157667939606
transformer,101,82,train,0.2852333439477708
transformer,101,82,val,0.31369764231435077
transformer,101,83,train,0.2978340766119688
transformer,101,83,val,0.31429283498689414
transformer,101,84,train,0.28931289190189824
transformer,101,84,val,0.3152540702624638
transformer,101,85,train,0.29344084776714185
transformer,101,85,val,0.30862634869557176
transformer,101,86,train,0.3006981178883582
transformer,101,86,val,0.3109122686932259
transformer,101,87,train,0.2979367846614842
transformer,101,87,val,0.31418100158231366
transformer,101,88,train,0.2929781963064458
transformer,101,88,val,0.3123635961125264
transformer,101,89,train,0.29926974925828764
transformer,101,89,val,0.29986561649866983
transformer,101,90,train,0.2770940570633982
transformer,101,90,val,0.30209316639161016
transformer,101,91,train,0.2923201403439031
transformer,101,91,val,0.3063974938293889
transformer,101,92,train,0.2961837032821975
transformer,101,92,val,0.29443868105809046
transformer,101,93,train,0.28576703304578144
transformer,101,93,val,0.3050251617979183
transformer,101,94,train,0.2894818382464211
transformer,101,94,val,0.3108396271959139
transformer,101,95,train,0.28920804880850426
transformer,101,95,val,0.30522547727054256
transformer,101,96,train,0.2784150832749249
transformer,101,96,val,0.30815678319141376
transformer,101,97,train,0.29210666551972614
transformer,101,97,val,0.3058430990041918
transformer,101,98,train,0.2846030703400256
transformer,101,98,val,0.30537385647579757
transformer,101,99,train,0.2829565424942052
transformer,101,99,val,0.3021159341797542
transformer,101,100,train,0.2922185219705869
transformer,101,100,val,0.30696532939705196
transformer,211,1,train,1.2254533823347005
transformer,211,1,val,1.1045683796342047
transformer,211,2,train,0.8788616731217187
transformer,211,2,val,1.0831296056957143
transformer,211,3,train,1.1061532124609024
transformer,211,3,val,1.166835056844107
transformer,211,4,train,1.0440926182616974
transformer,211,4,val,1.1232776246879304
transformer,211,5,train,0.9635318608565987
transformer,211,5,val,0.9487064206515302
transformer,211,6,train,0.9195705064416508
transformer,211,6,val,0.8712730462607164
transformer,211,7,train,0.8514107721583632
transformer,211,7,val,0.9115095464341954
transformer,211,8,train,0.8762462109477422
transformer,211,8,val,0.8917190916243641
transformer,211,9,train,0.7321407035062182
transformer,211,9,val,0.7707826173390557
transformer,211,10,train,0.6773793493504683
transformer,211,10,val,0.7768639740378439
transformer,211,11,train,0.724259349100777
transformer,211,11,val,0.8204295802941849
transformer,211,12,train,0.7413858095827939
transformer,211,12,val,0.7216146002091861
transformer,211,13,train,0.6086330866957051
transformer,211,13,val,0.817959267430741
transformer,211,14,train,0.6342094543648333
transformer,211,14,val,0.6782561676980868
transformer,211,15,train,0.6378575840484751
transformer,211,15,val,0.6107259223044873
transformer,211,16,train,0.615795019156119
transformer,211,16,val,0.6438990973575459
transformer,211,17,train,0.6361120381647196
transformer,211,17,val,0.6525730449124789
transformer,211,18,train,0.5527118054710992
transformer,211,18,val,0.5664774600323706
transformer,211,19,train,0.46911228442285974
transformer,211,19,val,0.5483912089035087
transformer,211,20,train,0.4735162754217596
transformer,211,20,val,0.5791458918915646
transformer,211,21,train,0.4952451174803523
transformer,211,21,val,0.4691584290009934
transformer,211,22,train,0.5678304962748213
transformer,211,22,val,0.5049247356277482
transformer,211,23,train,0.453159880039555
transformer,211,23,val,0.4968407868958148
transformer,211,24,train,0.4334360762085987
transformer,211,24,val,0.5029456306983611
transformer,211,25,train,0.40912617361192827
transformer,211,25,val,0.47603504614091385
transformer,211,26,train,0.37017249418207826
transformer,211,26,val,0.4485415327457634
transformer,211,27,train,0.3968197612231722
transformer,211,27,val,0.4082436663899887
transformer,211,28,train,0.38782415417353655
transformer,211,28,val,0.3431526776127681
transformer,211,29,train,0.34052574468452623
transformer,211,29,val,0.45626342895502053
transformer,211,30,train,0.3152534333696396
transformer,211,30,val,0.4283299571641238
transformer,211,31,train,0.34070117982354536
transformer,211,31,val,0.3691598651111403
transformer,211,32,train,0.30957031508694033
transformer,211,32,val,0.40512878826645404
transformer,211,33,train,0.3292436896420546
transformer,211,33,val,0.40165560078434714
transformer,211,34,train,0.34036499140428716
transformer,211,34,val,0.3430564878170699
transformer,211,35,train,0.3014850328640674
transformer,211,35,val,0.3423474943445952
transformer,211,36,train,0.32165461019540087
transformer,211,36,val,0.3283559806110882
transformer,211,37,train,0.33041609201545624
transformer,211,37,val,0.3215684877292623
transformer,211,38,train,0.2878720383216252
transformer,211,38,val,0.3090506029454173
transformer,211,39,train,0.24837570485301708
transformer,211,39,val,0.2915137734332291
transformer,211,40,train,0.23452705327704335
transformer,211,40,val,0.2845376140423937
transformer,211,41,train,0.28477606095457025
transformer,211,41,val,0.3108192289608797
transformer,211,42,train,0.26940255740242963
transformer,211,42,val,0.29950083939920646
transformer,211,43,train,0.30155113740742767
transformer,211,43,val,0.29813986810447446
transformer,211,44,train,0.2845748829353287
transformer,211,44,val,0.31067239048620005
transformer,211,45,train,0.257096982204411
transformer,211,45,val,0.27345240863597803
transformer,211,46,train,0.2529329041952841
transformer,211,46,val,0.26223626669241146
transformer,211,47,train,0.28231735710651185
transformer,211,47,val,0.27555727046714373
transformer,211,48,train,0.2568455426548744
transformer,211,48,val,0.21970834461943842
transformer,211,49,train,0.2554259854866578
transformer,211,49,val,0.2610551483614749
transformer,211,50,train,0.22778979149620887
transformer,211,50,val,0.24058278883042875
transformer,211,51,train,0.22695219088466043
transformer,211,51,val,0.2544607325211159
transformer,211,52,train,0.23545063444623954
transformer,211,52,val,0.24398224954901923
transformer,211,53,train,0.21470819353763737
transformer,211,53,val,0.25367260702170635
transformer,211,54,train,0.23757006656247054
transformer,211,54,val,0.21973033291257402
transformer,211,55,train,0.2295319430025624
transformer,211,55,val,0.24885784049905238
transformer,211,56,train,0.21920529238890446
transformer,211,56,val,0.21855133011569922
transformer,211,57,train,0.20357774675868942
transformer,211,57,val,0.22400890037796453
transformer,211,58,train,0.20239451496862837
transformer,211,58,val,0.23336588528171304
transformer,211,59,train,0.21291049430814302
transformer,211,59,val,0.2651378644750583
transformer,211,60,train,0.21881162673584878
transformer,211,60,val,0.21960758027238134
transformer,211,61,train,0.2085336738660566
transformer,211,61,val,0.2601701479326962
transformer,211,62,train,0.21191006159257111
transformer,211,62,val,0.23200720815383058
transformer,211,63,train,0.19252131081106966
transformer,211,63,val,0.21506030641964108
transformer,211,64,train,0.18660685437067512
transformer,211,64,val,0.21319789416701648
transformer,211,65,train,0.1914472319245278
transformer,211,65,val,0.21908756806314533
transformer,211,66,train,0.19497557112409056
transformer,211,66,val,0.2044718308170737
transformer,211,67,train,0.1905817941914865
transformer,211,67,val,0.2260456247774237
transformer,211,68,train,0.20133100077953497
transformer,211,68,val,0.2349354257397177
transformer,211,69,train,0.20868379465542547
transformer,211,69,val,0.23126007060231313
transformer,211,70,train,0.19448719046203639
transformer,211,70,val,0.22518933673183475
transformer,211,71,train,0.17802407416686342
transformer,211,71,val,0.19969530196947846
transformer,211,72,train,0.20108887618241872
transformer,211,72,val,0.20619234092517996
transformer,211,73,train,0.2023718284959472
transformer,211,73,val,0.20646509497225157
transformer,211,74,train,0.19124858185205018
transformer,211,74,val,0.22095693923681228
transformer,211,75,train,0.19758092172516192
transformer,211,75,val,0.21080128101949663
transformer,211,76,train,0.1848912819398747
transformer,211,76,val,0.21974110549071524
transformer,211,77,train,0.19010439532303455
transformer,211,77,val,0.2172245421871157
transformer,211,78,train,0.19708665277846585
transformer,211,78,val,0.21961231694183203
transformer,211,79,train,0.208304101982687
transformer,211,79,val,0.22281568609283117
transformer,211,80,train,0.19846328729873428
transformer,211,80,val,0.2239281447375732
transformer,211,81,train,0.18516168464698474
transformer,211,81,val,0.21756874841584137
transformer,211,82,train,0.19279950500538395
transformer,211,82,val,0.21362348363222733
transformer,211,83,train,0.19263909402859258
transformer,211,83,val,0.20660008791573212
transformer,211,84,train,0.19072548809437695
transformer,211,84,val,0.21461142590767382
transformer,211,85,train,0.1927737674561626
transformer,211,85,val,0.21635993816654306
transformer,211,86,train,0.1836509132991256
transformer,211,86,val,0.2126626374891419
transformer,211,87,train,0.18374888231146141
transformer,211,87,val,0.20536185905616874
transformer,211,88,train,0.18590079242950733
transformer,211,88,val,0.21681970299421557
transformer,211,89,train,0.18869223501743418
transformer,211,89,val,0.2050874674389009
transformer,211,90,train,0.1924302811466524
transformer,211,90,val,0.20920289520256877
transformer,211,91,train,0.19124702387639042
transformer,211,91,val,0.22463995997707809
transformer,211,92,train,0.17382077789062161
transformer,211,92,val,0.21610450633265332
transformer,211,93,train,0.18221573824023374
transformer,211,93,val,0.20689578998640396
transformer,211,94,train,0.19086773969099963
transformer,211,94,val,0.20424150941421232
transformer,211,95,train,0.18443060028733632
transformer,211,95,val,0.21365978049233839
transformer,211,96,train,0.18848998311271528
transformer,211,96,val,0.20973879585657323
transformer,211,97,train,0.1885570810747438
transformer,211,97,val,0.20964642302772296
transformer,211,98,train,0.18521108861994096
transformer,211,98,val,0.21141625913000167
transformer,211,99,train,0.18513575836711008
transformer,211,99,val,0.2060826506584733
transformer,211,100,train,0.17565012938445487
transformer,211,100,val,0.2073564020068621
transformer,421,1,train,1.0831592138179145
transformer,421,1,val,1.4367702024396798
transformer,421,2,train,1.2840974248526114
transformer,421,2,val,1.4285681660207248
transformer,421,3,train,1.2047308766496303
transformer,421,3,val,1.32018335863687
transformer,421,4,train,1.0902731595457882
transformer,421,4,val,1.167237715839784
transformer,421,5,train,1.0243390072385208
transformer,421,5,val,1.097567576701386
transformer,421,6,train,0.8713481210489752
transformer,421,6,val,1.0434525951696447
transformer,421,7,train,0.8182619577611067
transformer,421,7,val,1.2257732768481078
transformer,421,8,train,0.889908814955333
transformer,421,8,val,0.9525593559563612
transformer,421,9,train,0.7757807546584318
transformer,421,9,val,0.8924916116199593
transformer,421,10,train,0.8449775644938592
transformer,421,10,val,0.9429647891857517
transformer,421,11,train,0.8969243686407141
transformer,421,11,val,0.9761783728887201
transformer,421,12,train,0.8016037407962078
transformer,421,12,val,0.8177225541576478
transformer,421,13,train,0.6468081019688612
transformer,421,13,val,0.8267220252620645
transformer,421,14,train,0.6920715100641638
transformer,421,14,val,0.9389382469483092
transformer,421,15,train,0.6553439712294729
transformer,421,15,val,0.76708896264648
transformer,421,16,train,0.5978610864149623
transformer,421,16,val,0.7462675594696809
transformer,421,17,train,0.6725983441768172
transformer,421,17,val,0.7588481666150938
transformer,421,18,train,0.6315238765152936
transformer,421,18,val,0.7164411653025188
transformer,421,19,train,0.6066933630015033
transformer,421,19,val,0.6936611015296371
transformer,421,20,train,0.577053218115555
transformer,421,20,val,0.6416990719030028
transformer,421,21,train,0.6216664294125226
transformer,421,21,val,0.7197622236749749
transformer,421,22,train,0.5921260378999772
transformer,421,22,val,0.61493447471942
transformer,421,23,train,0.6022838360640195
transformer,421,23,val,0.6495768325513382
transformer,421,24,train,0.5787332557071865
transformer,421,24,val,0.5870563933314293
transformer,421,25,train,0.5150909130387268
transformer,421,25,val,0.701435266015789
transformer,421,26,train,0.5293703715665757
transformer,421,26,val,0.5734374532563052
transformer,421,27,train,0.49893126423710576
transformer,421,27,val,0.5232137001948578
transformer,421,28,train,0.4241584892654216
transformer,421,28,val,0.5737419988431828
transformer,421,29,train,0.4643001873122717
transformer,421,29,val,0.5618751338249006
transformer,421,30,train,0.48107869998695657
transformer,421,30,val,0.4819022328967486
transformer,421,31,train,0.506362003029003
transformer,421,31,val,0.525584451650402
transformer,421,32,train,0.4785672067702962
transformer,421,32,val,0.48784030439437925
transformer,421,33,train,0.43654725033418706
transformer,421,33,val,0.5098821555910936
transformer,421,34,train,0.4655290089220114
transformer,421,34,val,0.46502810318449217
transformer,421,35,train,0.4170350005582779
transformer,421,35,val,0.555857138231688
transformer,421,36,train,0.4087032432911574
transformer,421,36,val,0.4427530677254147
transformer,421,37,train,0.35776372775302456
transformer,421,37,val,0.4927331929327442
transformer,421,38,train,0.3142882094485163
transformer,421,38,val,0.4199918054310319
transformer,421,39,train,0.37972689684120065
transformer,421,39,val,0.43703277349618397
transformer,421,40,train,0.40099860053365455
transformer,421,40,val,0.4468691869199509
transformer,421,41,train,0.3547725156146654
transformer,421,41,val,0.4194509224275602
transformer,421,42,train,0.38016833490825447
transformer,421,42,val,0.44827182660011394
transformer,421,43,train,0.3655015546678135
transformer,421,43,val,0.4222134554296186
transformer,421,44,train,0.3753754454010044
transformer,421,44,val,0.4177840280919302
transformer,421,45,train,0.35074242476951417
transformer,421,45,val,0.40839061960513423
transformer,421,46,train,0.35609138693712206
transformer,421,46,val,0.4285334709901803
transformer,421,47,train,0.3255030381604425
transformer,421,47,val,0.4162952572787464
transformer,421,48,train,0.36178340428981953
transformer,421,48,val,0.3727592960703831
transformer,421,49,train,0.3292396915111084
transformer,421,49,val,0.4093089379851839
transformer,421,50,train,0.35747316908605
transformer,421,50,val,0.4019459889989694
transformer,421,51,train,0.3284611795706243
transformer,421,51,val,0.35571599954154587
transformer,421,52,train,0.34642539488528135
transformer,421,52,val,0.39878155162924267
transformer,421,53,train,0.33413896615618055
transformer,421,53,val,0.376424422320283
transformer,421,54,train,0.33754298744433986
transformer,421,54,val,0.3601097921071365
transformer,421,55,train,0.32946824886015713
transformer,421,55,val,0.3771293816130067
transformer,421,56,train,0.32466013706585206
transformer,421,56,val,0.3721688840030278
transformer,421,57,train,0.33874293671701505
transformer,421,57,val,0.39839233413641817
transformer,421,58,train,0.3199331406929188
transformer,421,58,val,0.3805059905023538
transformer,421,59,train,0.3069678068820416
transformer,421,59,val,0.38110059296796994
transformer,421,60,train,0.34318390649611796
transformer,421,60,val,0.3783330121523134
transformer,421,61,train,0.3306534311241054
transformer,421,61,val,0.38467914876840914
transformer,421,62,train,0.3243885021762609
transformer,421,62,val,0.37168650884005877
transformer,421,63,train,0.32288338481703294
transformer,421,63,val,0.3712177966620965
transformer,421,64,train,0.3123531502693745
transformer,421,64,val,0.3863583083943662
transformer,421,65,train,0.2919848790075956
transformer,421,65,val,0.3742341246119955
transformer,421,66,train,0.31058485737571523
transformer,421,66,val,0.35058834945271644
transformer,421,67,train,0.32535440331063825
transformer,421,67,val,0.3484109404626744
transformer,421,68,train,0.3009056947654492
transformer,421,68,val,0.3492173041883344
transformer,421,69,train,0.32493028133808
transformer,421,69,val,0.3591850750947293
transformer,421,70,train,0.29662066973251083
transformer,421,70,val,0.36169747133105296
transformer,421,71,train,0.3020529724427943
transformer,421,71,val,0.3293169448340575
transformer,421,72,train,0.3128628049101948
transformer,421,72,val,0.35737006244261743
transformer,421,73,train,0.3102571828439549
transformer,421,73,val,0.34798941096147407
transformer,421,74,train,0.2992745833559094
transformer,421,74,val,0.33912336268871013
transformer,421,75,train,0.3102296364675103
transformer,421,75,val,0.34275490913851725
transformer,421,76,train,0.2930544472988075
transformer,421,76,val,0.34834391730531444
transformer,421,77,train,0.30031306809223274
transformer,421,77,val,0.35550007499035013
transformer,421,78,train,0.3071261146151312
transformer,421,78,val,0.3405588705589261
transformer,421,79,train,0.3057817812798977
transformer,421,79,val,0.34515676743567697
transformer,421,80,train,0.3096313995041533
transformer,421,80,val,0.3485698096087574
transformer,421,81,train,0.2904002666846223
transformer,421,81,val,0.351345042397165
transformer,421,82,train,0.2980511876687795
transformer,421,82,val,0.3459602198097447
transformer,421,83,train,0.29797098668638655
transformer,421,83,val,0.3326647038544377
transformer,421,84,train,0.29494186678880424
transformer,421,84,val,0.3455858332438638
transformer,421,85,train,0.29680132371778895
transformer,421,85,val,0.34913274510522696
transformer,421,86,train,0.29761374156910586
transformer,421,86,val,0.3413827141969781
transformer,421,87,train,0.3007972394406718
transformer,421,87,val,0.34913960813705314
transformer,421,88,train,0.30188828215581853
transformer,421,88,val,0.3459463668833852
transformer,421,89,train,0.3008108052498174
transformer,421,89,val,0.35043939923524015
transformer,421,90,train,0.2970813220891803
transformer,421,90,val,0.3472730870786285
transformer,421,91,train,0.30819324854272523
transformer,421,91,val,0.34371391300439463
transformer,421,92,train,0.3000032480629474
transformer,421,92,val,0.3406845480000837
transformer,421,93,train,0.2915461001482253
transformer,421,93,val,0.342364643792725
transformer,421,94,train,0.31239706951140883
transformer,421,94,val,0.3429102702824577
transformer,421,95,train,0.29894059936969236
transformer,421,95,val,0.34779862788957594
transformer,421,96,train,0.2914914568119657
transformer,421,96,val,0.33912356352308426
transformer,421,97,train,0.3053152511384804
transformer,421,97,val,0.3469259450407245
transformer,421,98,train,0.2974115434651395
transformer,421,98,val,0.3372865346541847
transformer,421,99,train,0.3000712554498165
transformer,421,99,val,0.3354624754880652
transformer,421,100,train,0.2932636991679882
transformer,421,100,val,0.3420962216925874
transformer,563,1,train,1.441744138519892
transformer,563,1,val,1.1774317622565627
transformer,563,2,train,1.303292788499049
transformer,563,2,val,1.1072048142535322
transformer,563,3,train,1.2222503078212132
transformer,563,3,val,1.0729116332620128
transformer,563,4,train,1.16630661292899
transformer,563,4,val,0.9670076154352185
transformer,563,5,train,1.1571595091964075
transformer,563,5,val,1.0209085686598116
transformer,563,6,train,1.1346341807494962
transformer,563,6,val,0.9712117008810516
transformer,563,7,train,1.0809564470588737
transformer,563,7,val,0.9376795700157312
transformer,563,8,train,0.9548402218558365
transformer,563,8,val,0.8975999342118854
transformer,563,9,train,0.9976534668024775
transformer,563,9,val,0.8809988902651957
transformer,563,10,train,0.9303678693067403
transformer,563,10,val,0.7435163045066641
transformer,563,11,train,0.9378634517575116
transformer,563,11,val,0.8656484481878421
transformer,563,12,train,0.8980178012041803
transformer,563,12,val,0.736933790604618
transformer,563,13,train,0.8614006896919789
transformer,563,13,val,0.739929230559773
transformer,563,14,train,0.8032701292311674
transformer,563,14,val,0.6725454628538373
transformer,563,15,train,0.8210275298605179
transformer,563,15,val,0.6657640834457004
transformer,563,16,train,0.7989475391185946
transformer,563,16,val,0.709913998716576
transformer,563,17,train,0.760102608667664
transformer,563,17,val,0.6545141788410499
transformer,563,18,train,0.7619108350698561
transformer,563,18,val,0.6198031407376656
transformer,563,19,train,0.6478983175453492
transformer,563,19,val,0.6287028128534131
transformer,563,20,train,0.7115729625676113
transformer,563,20,val,0.5975268915414733
transformer,563,21,train,0.6145187048568869
transformer,563,21,val,0.5436260404752127
transformer,563,22,train,0.5687840462938056
transformer,563,22,val,0.5879447512608695
transformer,563,23,train,0.5402850790650031
transformer,563,23,val,0.6087350427586634
transformer,563,24,train,0.6028193864125032
transformer,563,24,val,0.47981059224986244
transformer,563,25,train,0.496188002986489
transformer,563,25,val,0.5115395839827694
transformer,563,26,train,0.5482516796195587
transformer,563,26,val,0.5077872539624075
transformer,563,27,train,0.5627411685098449
transformer,563,27,val,0.5533066798457774
transformer,563,28,train,0.4923677992057784
transformer,563,28,val,0.4654574820924583
transformer,563,29,train,0.500941168313405
transformer,563,29,val,0.48683126315142033
transformer,563,30,train,0.5114183548938408
transformer,563,30,val,0.46272884484652915
transformer,563,31,train,0.4611778714898122
transformer,563,31,val,0.39786948478129625
transformer,563,32,train,0.5209685286009587
transformer,563,32,val,0.4363610436734405
transformer,563,33,train,0.475693060511413
transformer,563,33,val,0.467574897918516
transformer,563,34,train,0.4681727191404754
transformer,563,34,val,0.3869164612408309
transformer,563,35,train,0.40783702590228954
transformer,563,35,val,0.4553996005590874
transformer,563,36,train,0.49934381565880925
transformer,563,36,val,0.45086045635190514
transformer,563,37,train,0.3700405908724123
transformer,563,37,val,0.366682421407057
transformer,563,38,train,0.37928812049391214
transformer,563,38,val,0.3818370541989467
transformer,563,39,train,0.40262413983257633
transformer,563,39,val,0.41018367532007577
transformer,563,40,train,0.38571358053748334
transformer,563,40,val,0.4081839842047004
transformer,563,41,train,0.3826141335776803
transformer,563,41,val,0.4143548510648835
transformer,563,42,train,0.39928919886476216
transformer,563,42,val,0.40776152454414183
transformer,563,43,train,0.37603013277389863
transformer,563,43,val,0.362174314230631
transformer,563,44,train,0.395341976735966
transformer,563,44,val,0.34971431847918205
transformer,563,45,train,0.3643554128963793
transformer,563,45,val,0.3696430340574756
transformer,563,46,train,0.33791678625900773
transformer,563,46,val,0.3342808649185373
transformer,563,47,train,0.3794701556023819
transformer,563,47,val,0.3759674496761951
transformer,563,48,train,0.3573509503804517
transformer,563,48,val,0.3551303539435554
transformer,563,49,train,0.3644025671071528
transformer,563,49,val,0.37263425000747813
transformer,563,50,train,0.31545888157501484
transformer,563,50,val,0.365914418901265
transformer,563,51,train,0.35431233932396644
transformer,563,51,val,0.3544246282185388
transformer,563,52,train,0.34319843613743495
transformer,563,52,val,0.3414221283186308
transformer,563,53,train,0.33674875139002386
transformer,563,53,val,0.32704838378549617
transformer,563,54,train,0.3272374707260921
transformer,563,54,val,0.3453691443120113
transformer,563,55,train,0.33125434177463525
transformer,563,55,val,0.33188658223586553
transformer,563,56,train,0.309689157292404
transformer,563,56,val,0.35228691409106727
transformer,563,57,train,0.3454504003909926
transformer,563,57,val,0.33335688042462214
transformer,563,58,train,0.31196475410160635
transformer,563,58,val,0.3550170129421564
transformer,563,59,train,0.30169565290332406
transformer,563,59,val,0.32618976953421996
transformer,563,60,train,0.33659947407017354
transformer,563,60,val,0.33385464612398646
transformer,563,61,train,0.3254004758182824
transformer,563,61,val,0.3162298089762269
transformer,563,62,train,0.3252758813154052
transformer,563,62,val,0.34252872966983006
transformer,563,63,train,0.3070203169363983
transformer,563,63,val,0.3339959074885224
transformer,563,64,train,0.2956699620151757
transformer,563,64,val,0.327129669229725
transformer,563,65,train,0.31828709237148883
transformer,563,65,val,0.33985189854794684
transformer,563,66,train,0.29226711798685706
transformer,563,66,val,0.32067767076041187
transformer,563,67,train,0.2972463017249067
transformer,563,67,val,0.29818132197178854
transformer,563,68,train,0.29207124404627305
transformer,563,68,val,0.31263721470108935
transformer,563,69,train,0.2941148944476764
transformer,563,69,val,0.33912020154906986
transformer,563,70,train,0.30865801458914355
transformer,563,70,val,0.3300516127731952
transformer,563,71,train,0.2933315486408567
transformer,563,71,val,0.3172057998906583
transformer,563,72,train,0.2943779565130628
transformer,563,72,val,0.2947553143314526
transformer,563,73,train,0.2922558510933083
transformer,563,73,val,0.3320178921009227
transformer,563,74,train,0.3044147660143127
transformer,563,74,val,0.3065678631068926
transformer,563,75,train,0.31093312797517997
transformer,563,75,val,0.3193241869929318
transformer,563,76,train,0.3082423759792359
transformer,563,76,val,0.3175910377213621
transformer,563,77,train,0.29188231288703526
transformer,563,77,val,0.32527282275019376
transformer,563,78,train,0.28747798120547174
transformer,563,78,val,0.3095197262484566
transformer,563,79,train,0.2874395203404751
transformer,563,79,val,0.3321736312878182
transformer,563,80,train,0.2845893348188819
transformer,563,80,val,0.320684637994107
transformer,563,81,train,0.29065992378635047
transformer,563,81,val,0.3205584628056625
transformer,563,82,train,0.28510105404671954
transformer,563,82,val,0.2974271308178308
transformer,563,83,train,0.2927463625144454
transformer,563,83,val,0.3140853146586422
transformer,563,84,train,0.287980071494835
transformer,563,84,val,0.31247608940347055
transformer,563,85,train,0.28873867179024015
transformer,563,85,val,0.30931811924497626
transformer,563,86,train,0.2838841254276799
transformer,563,86,val,0.31029684777591454
transformer,563,87,train,0.28232844529789386
transformer,563,87,val,0.32065016756475473
transformer,563,88,train,0.28499713239460667
transformer,563,88,val,0.30785924577650287
transformer,563,89,train,0.29518121217088117
transformer,563,89,val,0.3188128671270938
transformer,563,90,train,0.2920280465166453
transformer,563,90,val,0.30973251797021933
transformer,563,91,train,0.2831107765778059
transformer,563,91,val,0.3151206979832241
transformer,563,92,train,0.28444561033635274
transformer,563,92,val,0.30798075218684695
transformer,563,93,train,0.29094559456287256
transformer,563,93,val,0.31014300756079766
transformer,563,94,train,0.29260577129870313
transformer,563,94,val,0.3126887902034725
transformer,563,95,train,0.27369027651551264
transformer,563,95,val,0.31211245359802003
transformer,563,96,train,0.28225134743639413
transformer,563,96,val,0.3086811672176211
transformer,563,97,train,0.28661383835366033
transformer,563,97,val,0.31761687620578316
transformer,563,98,train,0.28389059974874303
transformer,563,98,val,0.31568995835612373
transformer,563,99,train,0.2795340052690763
transformer,563,99,val,0.32169957397986676
transformer,563,100,train,0.27689713114046277
transformer,563,100,val,0.3089156694213856
transformer,719,1,train,1.7420623347952793
transformer,719,1,val,1.0123534213574907
transformer,719,2,train,1.4109176710673559
transformer,719,2,val,1.0525324067743127
transformer,719,3,train,1.6572696006265892
transformer,719,3,val,0.9853315580522611
transformer,719,4,train,1.4867088859464925
transformer,719,4,val,0.9889823372571501
transformer,719,5,train,1.4089418106543719
transformer,719,5,val,0.9068629920238809
transformer,719,6,train,1.2889740513972359
transformer,719,6,val,0.8643310428743968
transformer,719,7,train,1.3068796942765333
transformer,719,7,val,0.8264826161632949
transformer,719,8,train,1.1599201323638275
transformer,719,8,val,0.7982639493194291
transformer,719,9,train,1.1472305183590614
transformer,719,9,val,0.864421495077203
transformer,719,10,train,1.1087132646253057
transformer,719,10,val,0.7363419070684045
transformer,719,11,train,1.0823259434916523
transformer,719,11,val,0.6743113316759152
transformer,719,12,train,1.0171449385512081
transformer,719,12,val,0.643842682488191
transformer,719,13,train,1.0113988104231766
transformer,719,13,val,0.6338309484731185
transformer,719,14,train,0.981838350504998
transformer,719,14,val,0.611090517006376
transformer,719,15,train,0.9203689332380413
transformer,719,15,val,0.6114228793269888
transformer,719,16,train,0.849360773608314
transformer,719,16,val,0.5872750556933383
transformer,719,17,train,0.8176724472215354
transformer,719,17,val,0.5871851949039387
transformer,719,18,train,0.7787186506089472
transformer,719,18,val,0.4693128620312542
transformer,719,19,train,0.7137683034989745
transformer,719,19,val,0.49908513283485123
transformer,719,20,train,0.7638910152509468
transformer,719,20,val,0.5376738733844847
transformer,719,21,train,0.6772178569801982
transformer,719,21,val,0.4521268544515842
transformer,719,22,train,0.63195619899213
transformer,719,22,val,0.5189934661904478
transformer,719,23,train,0.6244151391346573
transformer,719,23,val,0.5308415907282469
transformer,719,24,train,0.5685541460014847
transformer,719,24,val,0.44597999443477226
transformer,719,25,train,0.528246122734616
transformer,719,25,val,0.4801373050425497
transformer,719,26,train,0.6535844293522058
transformer,719,26,val,0.4761195909825567
transformer,719,27,train,0.522138351505308
transformer,719,27,val,0.43903328256035823
transformer,719,28,train,0.6342688775604043
transformer,719,28,val,0.42745058686429693
transformer,719,29,train,0.5168384593610142
transformer,719,29,val,0.428033862033675
transformer,719,30,train,0.4860322849058484
transformer,719,30,val,0.41515370500587645
transformer,719,31,train,0.4306716147615376
transformer,719,31,val,0.34958648872285913
transformer,719,32,train,0.5157172188436092
transformer,719,32,val,0.42423745471054397
transformer,719,33,train,0.4319597180114153
transformer,719,33,val,0.3890406505485748
transformer,719,34,train,0.43535322332244697
transformer,719,34,val,0.39010462338123075
transformer,719,35,train,0.4394091054184688
transformer,719,35,val,0.3301126191226788
transformer,719,36,train,0.4227313237939978
transformer,719,36,val,0.3676753499842147
transformer,719,37,train,0.36680253671407215
transformer,719,37,val,0.33079335270670873
transformer,719,38,train,0.432254190553365
transformer,719,38,val,0.3480434266936491
transformer,719,39,train,0.36883304586704496
transformer,719,39,val,0.35936839419774425
transformer,719,40,train,0.4143280134251126
transformer,719,40,val,0.32321630916656235
transformer,719,41,train,0.35250422640996665
transformer,719,41,val,0.3228814818620348
transformer,719,42,train,0.37811496267130223
transformer,719,42,val,0.32899510600861703
transformer,719,43,train,0.35263938899910124
transformer,719,43,val,0.30664500674248213
transformer,719,44,train,0.3572312600240414
transformer,719,44,val,0.2981594904720506
transformer,719,45,train,0.3490460723137192
transformer,719,45,val,0.32649050967622384
transformer,719,46,train,0.33204680501825906
transformer,719,46,val,0.3177204777876756
transformer,719,47,train,0.30610780925519043
transformer,719,47,val,0.32798698734369
transformer,719,48,train,0.289923392203069
transformer,719,48,val,0.29946350666186516
transformer,719,49,train,0.327588071049458
transformer,719,49,val,0.2852602582502716
transformer,719,50,train,0.289012725549889
transformer,719,50,val,0.3061214194098507
transformer,719,51,train,0.2873589278005318
transformer,719,51,val,0.2971836005285774
transformer,719,52,train,0.2728904392444277
transformer,719,52,val,0.285000319347269
transformer,719,53,train,0.29302355575661143
transformer,719,53,val,0.2950134512898423
transformer,719,54,train,0.27325072905791165
transformer,719,54,val,0.2951752530628549
transformer,719,55,train,0.3200624773677181
transformer,719,55,val,0.29642023145397733
transformer,719,56,train,0.2986111797452851
transformer,719,56,val,0.3041697258508908
transformer,719,57,train,0.31602848989950494
transformer,719,57,val,0.2915353097415077
transformer,719,58,train,0.2655207073651552
transformer,719,58,val,0.275840037145059
transformer,719,59,train,0.25655656464240645
transformer,719,59,val,0.2736816382748003
transformer,719,60,train,0.2740502190396717
transformer,719,60,val,0.292896812884972
transformer,719,61,train,0.2988360079420592
transformer,719,61,val,0.2865611679598759
transformer,719,62,train,0.2471524383145082
transformer,719,62,val,0.29286554662479575
transformer,719,63,train,0.27262570707371964
transformer,719,63,val,0.2776311250475517
transformer,719,64,train,0.26935414388805845
transformer,719,64,val,0.27674992702630585
transformer,719,65,train,0.2526285126652077
transformer,719,65,val,0.28317052858553354
transformer,719,66,train,0.2658477129366391
transformer,719,66,val,0.292178169378948
transformer,719,67,train,0.26040873834689604
transformer,719,67,val,0.26792372375499424
transformer,719,68,train,0.2576257876966161
transformer,719,68,val,0.27910079352464945
transformer,719,69,train,0.26065248882431974
transformer,719,69,val,0.2574500641061029
transformer,719,70,train,0.251026763968667
transformer,719,70,val,0.2757771540917825
transformer,719,71,train,0.24439323869957394
transformer,719,71,val,0.26861131633542756
transformer,719,72,train,0.24901731278153494
transformer,719,72,val,0.2653152805173803
transformer,719,73,train,0.2348201534791315
transformer,719,73,val,0.26025432442595786
transformer,719,74,train,0.25887502839160065
transformer,719,74,val,0.2628680065684661
transformer,719,75,train,0.2375036447002455
transformer,719,75,val,0.27164568337400685
transformer,719,76,train,0.24456627638760287
transformer,719,76,val,0.2533288734184392
transformer,719,77,train,0.24500876903850288
transformer,719,77,val,0.27435529384919405
transformer,719,78,train,0.23125515000405922
transformer,719,78,val,0.2601775707160747
transformer,719,79,train,0.24515111747032486
transformer,719,79,val,0.2613373734536676
transformer,719,80,train,0.23613009986561467
transformer,719,80,val,0.262587766553959
transformer,719,81,train,0.2461368595975653
transformer,719,81,val,0.2566658551216598
transformer,719,82,train,0.24346324167850752
transformer,719,82,val,0.262594896786457
transformer,719,83,train,0.23557969768007295
transformer,719,83,val,0.27287475240905346
transformer,719,84,train,0.23497653237701605
transformer,719,84,val,0.2631301636045022
transformer,719,85,train,0.22025148246996099
transformer,719,85,val,0.27056373133904194
transformer,719,86,train,0.2340549464524311
transformer,719,86,val,0.2673236284118963
transformer,719,87,train,0.22467651264789554
transformer,719,87,val,0.25809964032006805
transformer,719,88,train,0.24106723665114912
transformer,719,88,val,0.25661344976217854
transformer,719,89,train,0.24496534533745337
transformer,719,89,val,0.261193198634789
transformer,719,90,train,0.23197901635161366
transformer,719,90,val,0.2598228596329575
transformer,719,91,train,0.22312281427655153
transformer,719,91,val,0.2609473830495446
transformer,719,92,train,0.23806349016850303
transformer,719,92,val,0.25781646106989864
transformer,719,93,train,0.23534611262279662
transformer,719,93,val,0.2596343742014759
transformer,719,94,train,0.24336098989525348
transformer,719,94,val,0.2655499392081063
transformer,719,95,train,0.23100580907478854
transformer,719,95,val,0.2606785229779591
transformer,719,96,train,0.2447447504668952
transformer,719,96,val,0.2638094600399577
transformer,719,97,train,0.23268054974698002
transformer,719,97,val,0.26304797613743247
transformer,719,98,train,0.23353650502692205
transformer,719,98,val,0.25790584921580967
transformer,719,99,train,0.23489294219391688
transformer,719,99,val,0.2590316703364341
transformer,719,100,train,0.22872648172856225
transformer,719,100,val,0.2596509708369384
transformer,881,1,train,1.5515206969369801
transformer,881,1,val,1.1391561039910583
transformer,881,2,train,1.5487818298520257
transformer,881,2,val,1.102821250297812
transformer,881,3,train,1.3122022414564896
transformer,881,3,val,0.9647344399575707
transformer,881,4,train,1.4193227074703743
transformer,881,4,val,1.0242094915329927
transformer,881,5,train,1.1377618753943635
transformer,881,5,val,0.9274027835957546
transformer,881,6,train,1.159440037519479
transformer,881,6,val,0.9343259119060717
transformer,881,7,train,1.1129517807424207
transformer,881,7,val,0.7784627580139757
transformer,881,8,train,1.1053340155912317
transformer,881,8,val,0.9186915719773815
transformer,881,9,train,1.1602638846797926
transformer,881,9,val,0.7510945786129914
transformer,881,10,train,1.0358865664762396
transformer,881,10,val,0.7248880147669058
transformer,881,11,train,0.9751674811564872
transformer,881,11,val,0.6017809358756685
transformer,881,12,train,0.8902234687991153
transformer,881,12,val,0.7183618607218794
transformer,881,13,train,0.8378148685384548
transformer,881,13,val,0.6964756001721137
transformer,881,14,train,0.7963357365125131
transformer,881,14,val,0.5318692157759747
transformer,881,15,train,0.8022848406281785
transformer,881,15,val,0.5815742136337891
transformer,881,16,train,0.8098113227820477
transformer,881,16,val,0.49733743873869185
transformer,881,17,train,0.7174584520748568
transformer,881,17,val,0.6493614078542184
transformer,881,18,train,0.7034157724023182
transformer,881,18,val,0.5675515158928625
transformer,881,19,train,0.706094443131216
transformer,881,19,val,0.5516476872283514
transformer,881,20,train,0.5889815943605752
transformer,881,20,val,0.6205251762093489
transformer,881,21,train,0.5714860655363445
transformer,881,21,val,0.5244863010659463
transformer,881,22,train,0.6323999692256923
transformer,881,22,val,0.5083467099621658
transformer,881,23,train,0.6491542771674035
transformer,881,23,val,0.4563236415712867
transformer,881,24,train,0.6189272664039881
transformer,881,24,val,0.4323775298737565
transformer,881,25,train,0.4852941586174064
transformer,881,25,val,0.5026818430469007
transformer,881,26,train,0.5501470784244658
transformer,881,26,val,0.4533940383032159
transformer,881,27,train,0.48628600566620406
transformer,881,27,val,0.4534986239083901
transformer,881,28,train,0.45199990588224837
transformer,881,28,val,0.370599431444341
transformer,881,29,train,0.5203062009004601
transformer,881,29,val,0.4928875433061487
transformer,881,30,train,0.4741852637602981
transformer,881,30,val,0.4555824544209709
transformer,881,31,train,0.4600631447917065
transformer,881,31,val,0.36717107631208645
transformer,881,32,train,0.4874584770088554
transformer,881,32,val,0.3952360869369974
transformer,881,33,train,0.4204643819734242
transformer,881,33,val,0.35775092189791113
transformer,881,34,train,0.3859183517178164
transformer,881,34,val,0.3747587079818526
transformer,881,35,train,0.3703688818333784
transformer,881,35,val,0.3729634983452846
transformer,881,36,train,0.42482324912236913
transformer,881,36,val,0.4053709084516241
transformer,881,37,train,0.43663280747987004
transformer,881,37,val,0.4002753642246394
transformer,881,38,train,0.35799952473994195
transformer,881,38,val,0.3806390128861794
transformer,881,39,train,0.35785127433030783
transformer,881,39,val,0.3881878256767392
transformer,881,40,train,0.35460874866393743
transformer,881,40,val,0.35189625563593313
transformer,881,41,train,0.36956974326868164
transformer,881,41,val,0.3795388140438072
transformer,881,42,train,0.3366850690753003
transformer,881,42,val,0.34236702524384177
transformer,881,43,train,0.35277598383730735
transformer,881,43,val,0.32887394237107603
transformer,881,44,train,0.33899131375949376
transformer,881,44,val,0.31324132314563297
transformer,881,45,train,0.35991138542899925
transformer,881,45,val,0.3107481017289809
transformer,881,46,train,0.3361665637452134
transformer,881,46,val,0.2824354894044928
transformer,881,47,train,0.35704112773158087
transformer,881,47,val,0.3218334310010126
transformer,881,48,train,0.31184887414906015
transformer,881,48,val,0.3029650964206013
transformer,881,49,train,0.3054196904244091
transformer,881,49,val,0.32259977430217573
transformer,881,50,train,0.33713685748337197
transformer,881,50,val,0.33539643642127803
transformer,881,51,train,0.3276989395870619
transformer,881,51,val,0.31408069934803207
transformer,881,52,train,0.32954873500911885
transformer,881,52,val,0.30464133285816475
transformer,881,53,train,0.2858113184374885
transformer,881,53,val,0.31435293139791853
transformer,881,54,train,0.28186397083675524
transformer,881,54,val,0.3271470712740267
transformer,881,55,train,0.2966974323074399
transformer,881,55,val,0.30070764923159804
transformer,881,56,train,0.26938147621797387
transformer,881,56,val,0.331213627819328
transformer,881,57,train,0.2865971801236533
transformer,881,57,val,0.2978469789144627
transformer,881,58,train,0.3081031404075322
transformer,881,58,val,0.2903708174827685
transformer,881,59,train,0.2880120029673539
transformer,881,59,val,0.2957648382985174
transformer,881,60,train,0.2763332049835382
transformer,881,60,val,0.30341409467671243
transformer,881,61,train,0.25549935767595455
transformer,881,61,val,0.29183237839877735
transformer,881,62,train,0.27400453329594254
transformer,881,62,val,0.2934881022365299
transformer,881,63,train,0.25747807380209936
transformer,881,63,val,0.27142526974661824
transformer,881,64,train,0.27596891562158415
transformer,881,64,val,0.2624398052091939
transformer,881,65,train,0.28381764952799693
transformer,881,65,val,0.30034108770912393
transformer,881,66,train,0.26372117072731793
transformer,881,66,val,0.2747560309911945
transformer,881,67,train,0.23945205167194675
transformer,881,67,val,0.26982656682692946
transformer,881,68,train,0.2738497650082265
transformer,881,68,val,0.2888918296873594
transformer,881,69,train,0.2591319702578551
transformer,881,69,val,0.27513647741687614
transformer,881,70,train,0.257871478338744
transformer,881,70,val,0.2823517911948683
transformer,881,71,train,0.25905776681418013
transformer,881,71,val,0.27903806369596684
transformer,881,72,train,0.27751787889121676
transformer,881,72,val,0.28542469887797745
transformer,881,73,train,0.259043539136433
transformer,881,73,val,0.2772045193890397
transformer,881,74,train,0.2562763638479423
transformer,881,74,val,0.28335120319536977
transformer,881,75,train,0.27296577849905707
transformer,881,75,val,0.28506888692261834
transformer,881,76,train,0.26081935610028634
transformer,881,76,val,0.28632323041934127
transformer,881,77,train,0.2582022109627816
transformer,881,77,val,0.2784717366888966
transformer,881,78,train,0.26076846818275634
transformer,881,78,val,0.2781676486224973
transformer,881,79,train,0.26937602105489883
transformer,881,79,val,0.2712409001977603
transformer,881,80,train,0.24427813723516503
transformer,881,80,val,0.2886121891573851
transformer,881,81,train,0.24520227063952701
transformer,881,81,val,0.2816286106164521
transformer,881,82,train,0.25087363260436757
transformer,881,82,val,0.2772314736882993
transformer,881,83,train,0.24722867781229965
transformer,881,83,val,0.27400245685725544
transformer,881,84,train,0.2396118692882082
transformer,881,84,val,0.2740436351997826
transformer,881,85,train,0.2623501280125701
transformer,881,85,val,0.277628718498312
transformer,881,86,train,0.24967202636414781
transformer,881,86,val,0.28349121478454953
transformer,881,87,train,0.25533615365837536
transformer,881,87,val,0.2805101903976512
transformer,881,88,train,0.2443101449657312
transformer,881,88,val,0.28190588786540144
transformer,881,89,train,0.2474388430917425
transformer,881,89,val,0.267421489666484
transformer,881,90,train,0.24875006683322382
transformer,881,90,val,0.2744231850575364
transformer,881,91,train,0.24965304233598165
transformer,881,91,val,0.27652507455044556
transformer,881,92,train,0.24721443731749568
transformer,881,92,val,0.27483993213871877
transformer,881,93,train,0.23989193545208842
transformer,881,93,val,0.2638328110314946
transformer,881,94,train,0.2493297551462336
transformer,881,94,val,0.2673666253984303
transformer,881,95,train,0.24419893683685243
transformer,881,95,val,0.27011853711221206
transformer,881,96,train,0.2405775147496081
transformer,881,96,val,0.27239386137903054
transformer,881,97,train,0.24516723562231302
transformer,881,97,val,0.2670919277994515
transformer,881,98,train,0.2457450173452025
transformer,881,98,val,0.2793426106430296
transformer,881,99,train,0.2493114444187326
transformer,881,99,val,0.2725806591199588
transformer,881,100,train,0.24287488219492506
transformer,881,100,val,0.2685987394080985
transformer,997,1,train,1.561009723002863
transformer,997,1,val,1.1062721682831547
transformer,997,2,train,1.5695644714317334
transformer,997,2,val,1.1269949944040223
transformer,997,3,train,1.487299147122628
transformer,997,3,val,0.920120637397889
transformer,997,4,train,1.4140402876794365
transformer,997,4,val,0.900137197756611
transformer,997,5,train,1.4455955604136672
transformer,997,5,val,0.9329290853417823
transformer,997,6,train,1.1375671240701726
transformer,997,6,val,0.8952385234062827
transformer,997,7,train,1.1701938021840153
transformer,997,7,val,0.8551799122373077
transformer,997,8,train,1.3264214888945198
transformer,997,8,val,0.8099844564738117
transformer,997,9,train,1.113478178718834
transformer,997,9,val,0.783384942464293
transformer,997,10,train,1.033215538057797
transformer,997,10,val,0.7198763657453375
transformer,997,11,train,0.9793956463640588
transformer,997,11,val,0.7607659604535258
transformer,997,12,train,0.9663739446833255
transformer,997,12,val,0.6746575008782019
transformer,997,13,train,0.9443271652961365
transformer,997,13,val,0.6884487912512518
transformer,997,14,train,0.8680141646129421
transformer,997,14,val,0.6484381994123443
transformer,997,15,train,0.9314446434743862
transformer,997,15,val,0.5829247668044157
transformer,997,16,train,0.8817558043440096
transformer,997,16,val,0.5593897202936924
transformer,997,17,train,0.7231890119866726
transformer,997,17,val,0.7155847465125444
transformer,997,18,train,0.7684999460426587
transformer,997,18,val,0.47030436315285107
transformer,997,19,train,0.7035509344870163
transformer,997,19,val,0.4664278709935954
transformer,997,20,train,0.6713991060247897
transformer,997,20,val,0.566098031008778
transformer,997,21,train,0.6751930434497778
transformer,997,21,val,0.5091075481583117
transformer,997,22,train,0.6305138932730219
transformer,997,22,val,0.6408494651311869
transformer,997,23,train,0.6720603774837102
transformer,997,23,val,0.5594975926950427
transformer,997,24,train,0.6121225711896994
transformer,997,24,val,0.47938318171664296
transformer,997,25,train,0.6191332038246459
transformer,997,25,val,0.46353001732164995
transformer,997,26,train,0.5664028189773893
transformer,997,26,val,0.41919712925678226
transformer,997,27,train,0.5745833445665377
transformer,997,27,val,0.4753807897743907
transformer,997,28,train,0.5508558470054886
transformer,997,28,val,0.4528340759997314
transformer,997,29,train,0.5781850651676799
transformer,997,29,val,0.42514746198897513
transformer,997,30,train,0.5080227901275016
transformer,997,30,val,0.41786116194562206
transformer,997,31,train,0.4891903390230793
transformer,997,31,val,0.4785915178613582
transformer,997,32,train,0.5225911999549535
transformer,997,32,val,0.45695354181836256
transformer,997,33,train,0.49162939012044915
transformer,997,33,val,0.45452644708159184
transformer,997,34,train,0.4473788891082942
transformer,997,34,val,0.4472479738256734
transformer,997,35,train,0.42311516029322954
transformer,997,35,val,0.42191418474728815
transformer,997,36,train,0.46100306471530655
transformer,997,36,val,0.4483107730538863
transformer,997,37,train,0.4110005799536322
transformer,997,37,val,0.3995655630148736
transformer,997,38,train,0.4042233812420064
transformer,997,38,val,0.4369560263410577
transformer,997,39,train,0.4035124613642428
transformer,997,39,val,0.38310006312104733
transformer,997,40,train,0.34675584625264716
transformer,997,40,val,0.34905321366061565
transformer,997,41,train,0.38917248003070604
transformer,997,41,val,0.3671562756666325
transformer,997,42,train,0.3934412030182627
transformer,997,42,val,0.3577601363208926
transformer,997,43,train,0.3933583623658944
transformer,997,43,val,0.34908428844366207
transformer,997,44,train,0.36516261238946796
transformer,997,44,val,0.3745472103650111
transformer,997,45,train,0.3806732612069011
transformer,997,45,val,0.3897609377387463
transformer,997,46,train,0.3670629161009131
transformer,997,46,val,0.33451295014860166
transformer,997,47,train,0.3737626270688866
transformer,997,47,val,0.3323851713454579
transformer,997,48,train,0.32580417095940245
transformer,997,48,val,0.3333886812862358
transformer,997,49,train,0.3535057958202245
transformer,997,49,val,0.35443059369287927
transformer,997,50,train,0.3399203933401833
transformer,997,50,val,0.3619922353535907
transformer,997,51,train,0.3238810857644552
transformer,997,51,val,0.34850671929748944
transformer,997,52,train,0.3519868382407116
transformer,997,52,val,0.3244240784975159
transformer,997,53,train,0.33994297539563095
transformer,997,53,val,0.3526259189959445
transformer,997,54,train,0.36175353366109575
transformer,997,54,val,0.3168625755524257
transformer,997,55,train,0.3180468925886096
transformer,997,55,val,0.34300204583071886
transformer,997,56,train,0.3152272301987592
transformer,997,56,val,0.3322840007313222
transformer,997,57,train,0.31900776352414556
transformer,997,57,val,0.32166618261282376
transformer,997,58,train,0.3339215542691689
transformer,997,58,val,0.3177736645019777
transformer,997,59,train,0.3156964007156594
transformer,997,59,val,0.32734820686084
transformer,997,60,train,0.3204925060526492
transformer,997,60,val,0.317643044154689
transformer,997,61,train,0.32140969889706156
transformer,997,61,val,0.3395331526091947
transformer,997,62,train,0.3300721318528485
transformer,997,62,val,0.3196435010955969
transformer,997,63,train,0.3320603819152952
transformer,997,63,val,0.33088722789527525
transformer,997,64,train,0.3136735795420932
transformer,997,64,val,0.3206378649751439
transformer,997,65,train,0.2961659216749712
transformer,997,65,val,0.3288489802911608
transformer,997,66,train,0.31058929099892496
transformer,997,66,val,0.3093320238823241
transformer,997,67,train,0.29862533766804444
transformer,997,67,val,0.33267879695201047
transformer,997,68,train,0.28860180256818896
transformer,997,68,val,0.33108408743242485
transformer,997,69,train,0.297145931568902
transformer,997,69,val,0.3197365435478488
transformer,997,70,train,0.29742620055127267
transformer,997,70,val,0.32574614291856946
transformer,997,71,train,0.2945562489374668
transformer,997,71,val,0.324379978549113
transformer,997,72,train,0.29510070909167546
transformer,997,72,val,0.3100034431019109
transformer,997,73,train,0.2982650516778344
transformer,997,73,val,0.31118284969829973
transformer,997,74,train,0.2910565949912791
transformer,997,74,val,0.32633520758017254
transformer,997,75,train,0.3007821325737848
transformer,997,75,val,0.30615174326123307
transformer,997,76,train,0.29929139981666625
transformer,997,76,val,0.3201860998345682
transformer,997,77,train,0.296150319741206
transformer,997,77,val,0.30851028448448464
transformer,997,78,train,0.28388920724400857
transformer,997,78,val,0.31793190667250965
transformer,997,79,train,0.27866169814705555
transformer,997,79,val,0.30926240509951175
transformer,997,80,train,0.2856938164682242
transformer,997,80,val,0.31920904775761727
transformer,997,81,train,0.2855712313738953
transformer,997,81,val,0.30434093433130893
transformer,997,82,train,0.2765158124282993
transformer,997,82,val,0.3224024046167054
transformer,997,83,train,0.28793899966088543
transformer,997,83,val,0.31810038024080733
transformer,997,84,train,0.28890609932932326
transformer,997,84,val,0.3103025712145876
transformer,997,85,train,0.27515567574225774
transformer,997,85,val,0.31469905088644934
transformer,997,86,train,0.2741481532492266
transformer,997,86,val,0.31219575255314796
transformer,997,87,train,0.29256903606310136
transformer,997,87,val,0.30083421569885177
transformer,997,88,train,0.2920395224979278
transformer,997,88,val,0.3170451553029069
transformer,997,89,train,0.289818054801175
transformer,997,89,val,0.30723892654988183
transformer,997,90,train,0.27966026991791904
transformer,997,90,val,0.30648933901134545
transformer,997,91,train,0.27932265516826693
transformer,997,91,val,0.3133366241903685
transformer,997,92,train,0.270407445367874
transformer,997,92,val,0.31456797908128703
transformer,997,93,train,0.2817492579715668
transformer,997,93,val,0.3079547296570665
transformer,997,94,train,0.2750988157777587
transformer,997,94,val,0.31548497916637974
transformer,997,95,train,0.27982630664708524
transformer,997,95,val,0.31126795619251196
transformer,997,96,train,0.2796757400774042
transformer,997,96,val,0.3059866460974981
transformer,997,97,train,0.27638805777390874
transformer,997,97,val,0.32521618029161337
transformer,997,98,train,0.2736042730865122
transformer,997,98,val,0.31371589324119087
transformer,997,99,train,0.27319603797030734
transformer,997,99,val,0.3186206235404876
transformer,997,100,train,0.2787029112762656
transformer,997,100,val,0.30552463071405805
edge_fusion,13,1,train,1.4504318738578506
edge_fusion,13,1,val,1.4300127779932132
edge_fusion,13,2,train,1.4402093126126863
edge_fusion,13,2,val,1.429339064406637
edge_fusion,13,3,train,1.3285260043655915
edge_fusion,13,3,val,1.2042262434222986
edge_fusion,13,4,train,1.1212462449519958
edge_fusion,13,4,val,0.9964940855302674
edge_fusion,13,5,train,1.1223082307086274
edge_fusion,13,5,val,1.0633149192871962
edge_fusion,13,6,train,1.143511778434184
edge_fusion,13,6,val,0.8780419504366108
edge_fusion,13,7,train,0.9200765253176799
edge_fusion,13,7,val,0.8909185733271843
edge_fusion,13,8,train,0.9020400805601243
edge_fusion,13,8,val,0.8213854779859983
edge_fusion,13,9,train,0.9210823261279342
edge_fusion,13,9,val,0.851581630884578
edge_fusion,13,10,train,0.8502988364968648
edge_fusion,13,10,val,0.7290456401746589
edge_fusion,13,11,train,0.7838655513160183
edge_fusion,13,11,val,0.5913695940257958
edge_fusion,13,12,train,0.690568088084065
edge_fusion,13,12,val,0.63284533850696
edge_fusion,13,13,train,0.6832118453921898
edge_fusion,13,13,val,0.655692308931857
edge_fusion,13,14,train,0.6596304195224271
edge_fusion,13,14,val,0.6757824702548811
edge_fusion,13,15,train,0.5503738485386477
edge_fusion,13,15,val,0.5891118675040147
edge_fusion,13,16,train,0.5421949706144616
edge_fusion,13,16,val,0.6315743031826977
edge_fusion,13,17,train,0.4551714903775338
edge_fusion,13,17,val,0.5700501370535261
edge_fusion,13,18,train,0.548205484583806
edge_fusion,13,18,val,0.5606376692133613
edge_fusion,13,19,train,0.5030785561501416
edge_fusion,13,19,val,0.4874050027378678
edge_fusion,13,20,train,0.5145894813294043
edge_fusion,13,20,val,0.4426679790284449
edge_fusion,13,21,train,0.4498183804775329
edge_fusion,13,21,val,0.4443185685179078
edge_fusion,13,22,train,0.37831079097321096
edge_fusion,13,22,val,0.48746765462506103
edge_fusion,13,23,train,0.4403611208151407
edge_fusion,13,23,val,0.48232618621582435
edge_fusion,13,24,train,0.38692938641087743
edge_fusion,13,24,val,0.41960635410629676
edge_fusion,13,25,train,0.34279328225696676
edge_fusion,13,25,val,0.40031099284278904
edge_fusion,13,26,train,0.3616055863322879
edge_fusion,13,26,val,0.3946786171745878
edge_fusion,13,27,train,0.38331793566421557
edge_fusion,13,27,val,0.3902962095065867
edge_fusion,13,28,train,0.37916300314328955
edge_fusion,13,28,val,0.40991239475953595
edge_fusion,13,29,train,0.3725015191622407
edge_fusion,13,29,val,0.35924017831001304
edge_fusion,13,30,train,0.29906728286147805
edge_fusion,13,30,val,0.3248571748900755
edge_fusion,13,31,train,0.3407851740735524
edge_fusion,13,31,val,0.4025144515503454
edge_fusion,13,32,train,0.32273043464789175
edge_fusion,13,32,val,0.3559428941479713
edge_fusion,13,33,train,0.35089229791819954
edge_fusion,13,33,val,0.374229770467126
edge_fusion,13,34,train,0.3104847950072167
edge_fusion,13,34,val,0.3686592792776475
edge_fusion,13,35,train,0.32354648544963566
edge_fusion,13,35,val,0.31185232045071554
edge_fusion,13,36,train,0.3654969444568097
edge_fusion,13,36,val,0.3476554643236029
edge_fusion,13,37,train,0.3704717550932413
edge_fusion,13,37,val,0.43125441937590975
edge_fusion,13,38,train,0.34905296535249974
edge_fusion,13,38,val,0.34467622748239013
edge_fusion,13,39,train,0.32989727719305134
edge_fusion,13,39,val,0.3634245753707152
edge_fusion,13,40,train,0.34170033187107685
edge_fusion,13,40,val,0.3708334168662265
edge_fusion,13,41,train,0.30092743778632713
edge_fusion,13,41,val,0.34410963653837995
edge_fusion,13,42,train,0.26726533315708
edge_fusion,13,42,val,0.36611001680210264
edge_fusion,13,43,train,0.29938289132778056
edge_fusion,13,43,val,0.38412884076558385
edge_fusion,13,44,train,0.30801514741530883
edge_fusion,13,44,val,0.3412347177913127
edge_fusion,13,45,train,0.3025463291276936
edge_fusion,13,45,val,0.35269992142688794
edge_fusion,13,46,train,0.3062259170094151
edge_fusion,13,46,val,0.34701831163733177
edge_fusion,13,47,train,0.3356347855267524
edge_fusion,13,47,val,0.358614363364798
edge_fusion,13,48,train,0.2808573363413456
edge_fusion,13,48,val,0.3692565747249997
edge_fusion,13,49,train,0.29541351251619163
edge_fusion,13,49,val,0.34283670384125153
edge_fusion,13,50,train,0.341527431939198
edge_fusion,13,50,val,0.34508616281534704
edge_fusion,13,51,train,0.30683846231108036
edge_fusion,13,51,val,0.32288576492104276
edge_fusion,13,52,train,0.3071290457242821
edge_fusion,13,52,val,0.33534452825965444
edge_fusion,13,53,train,0.299619051450599
edge_fusion,13,53,val,0.3656652425890092
edge_fusion,13,54,train,0.29491229068304636
edge_fusion,13,54,val,0.33496134048806214
edge_fusion,13,55,train,0.30260065930668795
edge_fusion,13,55,val,0.348087276449854
edge_fusion,13,56,train,0.31892910111071504
edge_fusion,13,56,val,0.3628728783497702
edge_fusion,13,57,train,0.2889953064478439
edge_fusion,13,57,val,0.3419580271187482
edge_fusion,13,58,train,0.2749414585454922
edge_fusion,13,58,val,0.34847658804269893
edge_fusion,13,59,train,0.2977279542743387
edge_fusion,13,59,val,0.3487435348832768
edge_fusion,13,60,train,0.29755152217368563
edge_fusion,13,60,val,0.35265875680877723
edge_fusion,13,61,train,0.31886341178039035
edge_fusion,13,61,val,0.3755281374993131
edge_fusion,13,62,train,0.2993265082114408
edge_fusion,13,62,val,0.38084090465753856
edge_fusion,13,63,train,0.30539493327972816
edge_fusion,13,63,val,0.3614544037923155
edge_fusion,13,64,train,0.29589307013591565
edge_fusion,13,64,val,0.35828854624785467
edge_fusion,13,65,train,0.30120575504949426
edge_fusion,13,65,val,0.3529044063975196
edge_fusion,13,66,train,0.29256058585775124
edge_fusion,13,66,val,0.35810713088792767
edge_fusion,13,67,train,0.3074955351757664
edge_fusion,13,67,val,0.32371939005452177
edge_fusion,13,68,train,0.30577229066342904
edge_fusion,13,68,val,0.34184088091634
edge_fusion,13,69,train,0.31872183909844837
edge_fusion,13,69,val,0.34734451370924796
edge_fusion,13,70,train,0.29857446371757457
edge_fusion,13,70,val,0.3543294950540021
edge_fusion,13,71,train,0.3179737226934039
edge_fusion,13,71,val,0.3408207115125665
edge_fusion,13,72,train,0.29678900051939006
edge_fusion,13,72,val,0.3342458301658998
edge_fusion,13,73,train,0.3059113773392721
edge_fusion,13,73,val,0.3551136292009297
edge_fusion,13,74,train,0.306593192438963
edge_fusion,13,74,val,0.34450534266453775
edge_fusion,13,75,train,0.2830120185781176
edge_fusion,13,75,val,0.3358636496973247
edge_fusion,13,76,train,0.30035997066522546
edge_fusion,13,76,val,0.33294236822849727
edge_fusion,13,77,train,0.2925758038081268
edge_fusion,13,77,val,0.3479381376980048
edge_fusion,13,78,train,0.2945180598863042
edge_fusion,13,78,val,0.34408772563656004
edge_fusion,13,79,train,0.2960574811553378
edge_fusion,13,79,val,0.34346196828025527
edge_fusion,13,80,train,0.27004647469722964
edge_fusion,13,80,val,0.3499686863208566
edge_fusion,13,81,train,0.29410583227679027
edge_fusion,13,81,val,0.3488640377786307
edge_fusion,13,82,train,0.2922397795065325
edge_fusion,13,82,val,0.3522458002420052
edge_fusion,13,83,train,0.30526655161890726
edge_fusion,13,83,val,0.3517829509443679
edge_fusion,13,84,train,0.29775113188266056
edge_fusion,13,84,val,0.34676269778950897
edge_fusion,13,85,train,0.30499504199259914
edge_fusion,13,85,val,0.33919708961073997
edge_fusion,13,86,train,0.2989916459572673
edge_fusion,13,86,val,0.34936073626750763
edge_fusion,13,87,train,0.2984111504547526
edge_fusion,13,87,val,0.3533706415864525
edge_fusion,13,88,train,0.2932854133765674
edge_fusion,13,88,val,0.3501701068736791
edge_fusion,13,89,train,0.29436908511209803
edge_fusion,13,89,val,0.3460638804000772
edge_fusion,13,90,train,0.2989434512669036
edge_fusion,13,90,val,0.33489950513387073
edge_fusion,13,91,train,0.3026934225904323
edge_fusion,13,91,val,0.34143741501429214
edge_fusion,13,92,train,0.3023548646993703
edge_fusion,13,92,val,0.3372391185069125
edge_fusion,13,93,train,0.29082262579132945
edge_fusion,13,93,val,0.34009603046578524
edge_fusion,13,94,train,0.2992203723327336
edge_fusion,13,94,val,0.34975493705192867
edge_fusion,13,95,train,0.2989573188944153
edge_fusion,13,95,val,0.33461004835661473
edge_fusion,13,96,train,0.2979013856222093
edge_fusion,13,96,val,0.34983709916813877
edge_fusion,13,97,train,0.3074239079293694
edge_fusion,13,97,val,0.34754466696377345
edge_fusion,13,98,train,0.2970755039180726
edge_fusion,13,98,val,0.34568696775681945
edge_fusion,13,99,train,0.29265985276266576
edge_fusion,13,99,val,0.3452811890139379
edge_fusion,13,100,train,0.2911011466064017
edge_fusion,13,100,val,0.3438486835432509
edge_fusion,37,1,train,1.070113067145847
edge_fusion,37,1,val,1.1454361990720456
edge_fusion,37,2,train,1.019611385878674
edge_fusion,37,2,val,1.0878725381420984
edge_fusion,37,3,train,1.0050119669958602
edge_fusion,37,3,val,0.9891474486550368
edge_fusion,37,4,train,1.030679482257991
edge_fusion,37,4,val,1.0831331507307316
edge_fusion,37,5,train,0.9299432967495089
edge_fusion,37,5,val,0.8448245063619626
edge_fusion,37,6,train,0.8108281990410933
edge_fusion,37,6,val,0.948703034564818
edge_fusion,37,7,train,0.7267449164710432
edge_fusion,37,7,val,0.9617826007407801
edge_fusion,37,8,train,0.8014137272505312
edge_fusion,37,8,val,0.7390239700190079
edge_fusion,37,9,train,0.8314370367939576
edge_fusion,37,9,val,0.6434512495931082
edge_fusion,37,10,train,0.6516545533441316
edge_fusion,37,10,val,0.7267219420999866
edge_fusion,37,11,train,0.6359954271106134
edge_fusion,37,11,val,0.6624667770826269
edge_fusion,37,12,train,0.5806312928946645
edge_fusion,37,12,val,0.6905358245761534
edge_fusion,37,13,train,0.5682889688447603
edge_fusion,37,13,val,0.6103804278779736
edge_fusion,37,14,train,0.5282589758682014
edge_fusion,37,14,val,0.6150127644911357
edge_fusion,37,15,train,0.4819231952523371
edge_fusion,37,15,val,0.5563259311765046
edge_fusion,37,16,train,0.5340932432526652
edge_fusion,37,16,val,0.5585465700229845
edge_fusion,37,17,train,0.46195819759658246
edge_fusion,37,17,val,0.5733656264758189
edge_fusion,37,18,train,0.41751960304644026
edge_fusion,37,18,val,0.4647999377113047
edge_fusion,37,19,train,0.42549535013462964
edge_fusion,37,19,val,0.45142949311183667
edge_fusion,37,20,train,0.4234275496852798
edge_fusion,37,20,val,0.5520047074720035
edge_fusion,37,21,train,0.38969804017575693
edge_fusion,37,21,val,0.4784725853682017
edge_fusion,37,22,train,0.4060186176209283
edge_fusion,37,22,val,0.520909250750712
edge_fusion,37,23,train,0.4130644792862591
edge_fusion,37,23,val,0.387900480944677
edge_fusion,37,24,train,0.42452929571177705
edge_fusion,37,24,val,0.3973515088358143
edge_fusion,37,25,train,0.4347492394464134
edge_fusion,37,25,val,0.4664558642128755
edge_fusion,37,26,train,0.3786637466219299
edge_fusion,37,26,val,0.40788586737074345
edge_fusion,37,27,train,0.43399729683286575
edge_fusion,37,27,val,0.4782998150209295
edge_fusion,37,28,train,0.32954116745665457
edge_fusion,37,28,val,0.3925421377557807
edge_fusion,37,29,train,0.3723354657038738
edge_fusion,37,29,val,0.42489681988295414
edge_fusion,37,30,train,0.37374038847455093
edge_fusion,37,30,val,0.45153402722659775
edge_fusion,37,31,train,0.37044975778282724
edge_fusion,37,31,val,0.4103798907145949
edge_fusion,37,32,train,0.3113410552026127
edge_fusion,37,32,val,0.3757760328024661
edge_fusion,37,33,train,0.40557582973112155
edge_fusion,37,33,val,0.364240997443874
edge_fusion,37,34,train,0.3899179322358409
edge_fusion,37,34,val,0.4165024573618467
edge_fusion,37,35,train,0.34607695036118274
edge_fusion,37,35,val,0.3957947526700002
edge_fusion,37,36,train,0.3772218898515002
edge_fusion,37,36,val,0.3775592188476845
edge_fusion,37,37,train,0.3140581197981913
edge_fusion,37,37,val,0.458171630464152
edge_fusion,37,38,train,0.2986699468271863
edge_fusion,37,38,val,0.42781701206903405
edge_fusion,37,39,train,0.3034810376329774
edge_fusion,37,39,val,0.3985802649159722
edge_fusion,37,40,train,0.3602505637367005
edge_fusion,37,40,val,0.4115831410484574
edge_fusion,37,41,train,0.3546454700291879
edge_fusion,37,41,val,0.42895378142205726
edge_fusion,37,42,train,0.3576118543424071
edge_fusion,37,42,val,0.33511460462495435
edge_fusion,37,43,train,0.35617244914236934
edge_fusion,37,43,val,0.38809082909115933
edge_fusion,37,44,train,0.3658360918525242
edge_fusion,37,44,val,0.372789784817546
edge_fusion,37,45,train,0.34065100088776123
edge_fusion,37,45,val,0.3875709553165412
edge_fusion,37,46,train,0.35828859268025187
edge_fusion,37,46,val,0.37454060729546623
edge_fusion,37,47,train,0.3533754310545171
edge_fusion,37,47,val,0.39019670045509575
edge_fusion,37,48,train,0.3275622138809164
edge_fusion,37,48,val,0.3750302160998953
edge_fusion,37,49,train,0.3161041296586825
edge_fusion,37,49,val,0.3982929156309143
edge_fusion,37,50,train,0.35279060109832167
edge_fusion,37,50,val,0.3680073073170421
edge_fusion,37,51,train,0.3489691341267743
edge_fusion,37,51,val,0.35120645086516045
edge_fusion,37,52,train,0.3242988487841357
edge_fusion,37,52,val,0.3874891908528794
edge_fusion,37,53,train,0.33301613295213073
edge_fusion,37,53,val,0.3915094038252112
edge_fusion,37,54,train,0.3383693186337703
edge_fusion,37,54,val,0.35347344730094193
edge_fusion,37,55,train,0.3539236232537564
edge_fusion,37,55,val,0.41247040982974714
edge_fusion,37,56,train,0.3515812048008458
edge_fusion,37,56,val,0.382722458361235
edge_fusion,37,57,train,0.33397098292952815
edge_fusion,37,57,val,0.37271669903472116
edge_fusion,37,58,train,0.3344425851343703
edge_fusion,37,58,val,0.3662398063454666
edge_fusion,37,59,train,0.3442383946036268
edge_fusion,37,59,val,0.39085051141197913
edge_fusion,37,60,train,0.31533907349740975
edge_fusion,37,60,val,0.38786675583830144
edge_fusion,37,61,train,0.344179574339577
edge_fusion,37,61,val,0.40753734402154357
edge_fusion,37,62,train,0.34187612519535787
edge_fusion,37,62,val,0.35178439803624134
edge_fusion,37,63,train,0.34265081419028104
edge_fusion,37,63,val,0.3964176126475917
edge_fusion,37,64,train,0.33590632219785327
edge_fusion,37,64,val,0.39721978942199077
edge_fusion,37,65,train,0.3444899721351937
edge_fusion,37,65,val,0.3829629762692403
edge_fusion,37,66,train,0.34909328980562193
edge_fusion,37,66,val,0.377772912301066
edge_fusion,37,67,train,0.3161085949871867
edge_fusion,37,67,val,0.359870120093254
edge_fusion,37,68,train,0.34317544422246143
edge_fusion,37,68,val,0.3879065923230165
edge_fusion,37,69,train,0.3295655556341196
edge_fusion,37,69,val,0.3777830784443781
edge_fusion,37,70,train,0.3310991172113473
edge_fusion,37,70,val,0.3821813839988908
edge_fusion,37,71,train,0.3159480346246979
edge_fusion,37,71,val,0.393078310940625
edge_fusion,37,72,train,0.33776377483858594
edge_fusion,37,72,val,0.3820052729759888
edge_fusion,37,73,train,0.3296045655185585
edge_fusion,37,73,val,0.39222662874059383
edge_fusion,37,74,train,0.32622964560756085
edge_fusion,37,74,val,0.4005484990404372
edge_fusion,37,75,train,0.3350623292257562
edge_fusion,37,75,val,0.38126788790519467
edge_fusion,37,76,train,0.3380890034301948
edge_fusion,37,76,val,0.39068153059126715
edge_fusion,37,77,train,0.3223126634517214
edge_fusion,37,77,val,0.3858201173647175
edge_fusion,37,78,train,0.3384338379128411
edge_fusion,37,78,val,0.39240078900931813
edge_fusion,37,79,train,0.3264671235260805
edge_fusion,37,79,val,0.38233011262240896
edge_fusion,37,80,train,0.3312436506251233
edge_fusion,37,80,val,0.3842771511967621
edge_fusion,37,81,train,0.3402959973188976
edge_fusion,37,81,val,0.3818353661297653
edge_fusion,37,82,train,0.3372298860626683
edge_fusion,37,82,val,0.3886304334478686
edge_fusion,37,83,train,0.33565940431217195
edge_fusion,37,83,val,0.39656396454799975
edge_fusion,37,84,train,0.3285312801784803
edge_fusion,37,84,val,0.3812625091247681
edge_fusion,37,85,train,0.32715745660153905
edge_fusion,37,85,val,0.38071747169997633
edge_fusion,37,86,train,0.3305359915042463
edge_fusion,37,86,val,0.3943010088443164
edge_fusion,37,87,train,0.337190247851904
edge_fusion,37,87,val,0.3879390334917334
edge_fusion,37,88,train,0.3354195047089514
edge_fusion,37,88,val,0.3958556098091785
edge_fusion,37,89,train,0.34142005551760873
edge_fusion,37,89,val,0.3790372395914277
edge_fusion,37,90,train,0.33032904694115506
edge_fusion,37,90,val,0.386677246018818
edge_fusion,37,91,train,0.33767177684456257
edge_fusion,37,91,val,0.386615485538107
edge_fusion,37,92,train,0.33105587467441605
edge_fusion,37,92,val,0.3887543126164668
edge_fusion,37,93,train,0.3398702894497042
edge_fusion,37,93,val,0.38852775430823494
edge_fusion,37,94,train,0.33013890927114065
edge_fusion,37,94,val,0.38887169407148053
edge_fusion,37,95,train,0.34272471871284466
edge_fusion,37,95,val,0.38760516170331444
edge_fusion,37,96,train,0.3266251281638714
edge_fusion,37,96,val,0.3811355445817557
edge_fusion,37,97,train,0.33297033791286806
edge_fusion,37,97,val,0.38628813110492854
edge_fusion,37,98,train,0.3337602703652718
edge_fusion,37,98,val,0.38716991304783027
edge_fusion,37,99,train,0.33829223953593685
edge_fusion,37,99,val,0.3846837385181618
edge_fusion,37,100,train,0.3331672638764601
edge_fusion,37,100,val,0.3929208891535506
edge_fusion,73,1,train,1.6234566136279815
edge_fusion,73,1,val,1.353267510311978
edge_fusion,73,2,train,1.4609864504356433
edge_fusion,73,2,val,1.2229767862527603
edge_fusion,73,3,train,1.316572935056727
edge_fusion,73,3,val,1.1378693480394657
edge_fusion,73,4,train,1.2071667488287123
edge_fusion,73,4,val,0.9820081786669247
edge_fusion,73,5,train,1.1560346552941383
edge_fusion,73,5,val,1.009201001067688
edge_fusion,73,6,train,0.9872396216937016
edge_fusion,73,6,val,0.9791430064972766
edge_fusion,73,7,train,0.9859977864543559
edge_fusion,73,7,val,0.8255132457705003
edge_fusion,73,8,train,0.9209173399950452
edge_fusion,73,8,val,0.8163790302792265
edge_fusion,73,9,train,0.8267507599644894
edge_fusion,73,9,val,0.7899812085411724
edge_fusion,73,10,train,0.701397729343282
edge_fusion,73,10,val,0.7819093580275025
edge_fusion,73,11,train,0.7447641680739284
edge_fusion,73,11,val,0.6973216650881414
edge_fusion,73,12,train,0.7262334169070697
edge_fusion,73,12,val,0.7416973307496144
edge_fusion,73,13,train,0.7235630478642643
edge_fusion,73,13,val,0.6318562566926815
edge_fusion,73,14,train,0.7412856302035238
edge_fusion,73,14,val,0.5309170663587397
edge_fusion,73,15,train,0.628201347431477
edge_fusion,73,15,val,0.6063955912739891
edge_fusion,73,16,train,0.6213424832278323
edge_fusion,73,16,val,0.6125822494785436
edge_fusion,73,17,train,0.5476310713864306
edge_fusion,73,17,val,0.5629510437356229
edge_fusion,73,18,train,0.49719624744202345
edge_fusion,73,18,val,0.6010555703888385
edge_fusion,73,19,train,0.4648369743672661
edge_fusion,73,19,val,0.5789353338445234
edge_fusion,73,20,train,0.5494693260577229
edge_fusion,73,20,val,0.4568521222869279
edge_fusion,73,21,train,0.5916657016932907
edge_fusion,73,21,val,0.44177125154766594
edge_fusion,73,22,train,0.47654593864676364
edge_fusion,73,22,val,0.558527709099208
edge_fusion,73,23,train,0.5140944636347514
edge_fusion,73,23,val,0.5193989010619696
edge_fusion,73,24,train,0.4910698881026516
edge_fusion,73,24,val,0.4770920663963119
edge_fusion,73,25,train,0.46297236040560213
edge_fusion,73,25,val,0.44545526781652456
edge_fusion,73,26,train,0.42105264346117427
edge_fusion,73,26,val,0.3697274877484439
edge_fusion,73,27,train,0.4668489598400055
edge_fusion,73,27,val,0.40011496470866886
edge_fusion,73,28,train,0.40925963423363726
edge_fusion,73,28,val,0.3960688447102208
edge_fusion,73,29,train,0.40310279984654246
edge_fusion,73,29,val,0.5015687102901982
edge_fusion,73,30,train,0.465676620220173
edge_fusion,73,30,val,0.4566459434263947
edge_fusion,73,31,train,0.38571441123866096
edge_fusion,73,31,val,0.4399473590255961
edge_fusion,73,32,train,0.39380144972309944
edge_fusion,73,32,val,0.3944125773193399
edge_fusion,73,33,train,0.35914608582130014
edge_fusion,73,33,val,0.3737775281044004
edge_fusion,73,34,train,0.35493453905398237
edge_fusion,73,34,val,0.41611965290116587
edge_fusion,73,35,train,0.35596183623312105
edge_fusion,73,35,val,0.4020210960281199
edge_fusion,73,36,train,0.38831890371622363
edge_fusion,73,36,val,0.43719726399741277
edge_fusion,73,37,train,0.36820065683320324
edge_fusion,73,37,val,0.39971184673769034
edge_fusion,73,38,train,0.34512164909399046
edge_fusion,73,38,val,0.4128881699242719
edge_fusion,73,39,train,0.3526703675507725
edge_fusion,73,39,val,0.42326453601624014
edge_fusion,73,40,train,0.3417644717004516
edge_fusion,73,40,val,0.41799621522862335
edge_fusion,73,41,train,0.3719856644600572
edge_fusion,73,41,val,0.3894274056445549
edge_fusion,73,42,train,0.3573168813384584
edge_fusion,73,42,val,0.39874889141807707
edge_fusion,73,43,train,0.40879265146837257
edge_fusion,73,43,val,0.4009192445467996
edge_fusion,73,44,train,0.30810850092645065
edge_fusion,73,44,val,0.37940297277027807
edge_fusion,73,45,train,0.3695597557284583
edge_fusion,73,45,val,0.3604444649420877
edge_fusion,73,46,train,0.38242187489707197
edge_fusion,73,46,val,0.4265166254956565
edge_fusion,73,47,train,0.3264356426949289
edge_fusion,73,47,val,0.4125235972462614
edge_fusion,73,48,train,0.41136853562359366
edge_fusion,73,48,val,0.4046346825845164
edge_fusion,73,49,train,0.32942968618247864
edge_fusion,73,49,val,0.38208707832823624
edge_fusion,73,50,train,0.37206892143826553
edge_fusion,73,50,val,0.35155321743152684
edge_fusion,73,51,train,0.3664586428277166
edge_fusion,73,51,val,0.36005404825014337
edge_fusion,73,52,train,0.3569648970815794
edge_fusion,73,52,val,0.39063733273669143
edge_fusion,73,53,train,0.3548112092675329
edge_fusion,73,53,val,0.37510240663287103
edge_fusion,73,54,train,0.33043813062959426
edge_fusion,73,54,val,0.3701856302252119
edge_fusion,73,55,train,0.3366801239744066
edge_fusion,73,55,val,0.3860593409107364
edge_fusion,73,56,train,0.34775417701766104
edge_fusion,73,56,val,0.3766086574724405
edge_fusion,73,57,train,0.34605699605235923
edge_fusion,73,57,val,0.3570713534544256
edge_fusion,73,58,train,0.3405073529983358
edge_fusion,73,58,val,0.3875738164536756
edge_fusion,73,59,train,0.3229076996848039
edge_fusion,73,59,val,0.3547953081529321
edge_fusion,73,60,train,0.33509547129299416
edge_fusion,73,60,val,0.3973265429178669
edge_fusion,73,61,train,0.3234519268400057
edge_fusion,73,61,val,0.35844306499732315
edge_fusion,73,62,train,0.33429078757883396
edge_fusion,73,62,val,0.36581927718698853
edge_fusion,73,63,train,0.3308089845893019
edge_fusion,73,63,val,0.3893134563309508
edge_fusion,73,64,train,0.3371039601803228
edge_fusion,73,64,val,0.35729143009540254
edge_fusion,73,65,train,0.3534071776270508
edge_fusion,73,65,val,0.37772953783816926
edge_fusion,73,66,train,0.33881230082321484
edge_fusion,73,66,val,0.370019900836061
edge_fusion,73,67,train,0.3548625910093624
edge_fusion,73,67,val,0.3701397029746833
edge_fusion,73,68,train,0.347378776301824
edge_fusion,73,68,val,0.3790163817845495
edge_fusion,73,69,train,0.34983282560320095
edge_fusion,73,69,val,0.34998657825364965
edge_fusion,73,70,train,0.3446018912181697
edge_fusion,73,70,val,0.3485257409294466
edge_fusion,73,71,train,0.36100813877985033
edge_fusion,73,71,val,0.35864424561950264
edge_fusion,73,72,train,0.34191091251216066
edge_fusion,73,72,val,0.36578881644000727
edge_fusion,73,73,train,0.35770944542424504
edge_fusion,73,73,val,0.3661833126299637
edge_fusion,73,74,train,0.34899447273334777
edge_fusion,73,74,val,0.36003156530780794
edge_fusion,73,75,train,0.3462683863639355
edge_fusion,73,75,val,0.36739161774172197
edge_fusion,73,76,train,0.34620180808882905
edge_fusion,73,76,val,0.35193828092012097
edge_fusion,73,77,train,0.35517329846429097
edge_fusion,73,77,val,0.3691011411867112
edge_fusion,73,78,train,0.350766661098167
edge_fusion,73,78,val,0.3686921072704448
edge_fusion,73,79,train,0.34445560153123084
edge_fusion,73,79,val,0.36954561948088765
edge_fusion,73,80,train,0.3510305483038069
edge_fusion,73,80,val,0.3548078732740727
edge_fusion,73,81,train,0.34790462237397934
edge_fusion,73,81,val,0.3698158896657238
edge_fusion,73,82,train,0.3463225601174995
edge_fusion,73,82,val,0.36334014120246944
edge_fusion,73,83,train,0.3590396774584905
edge_fusion,73,83,val,0.3728362914300973
edge_fusion,73,84,train,0.3403551421527875
edge_fusion,73,84,val,0.3724373180608736
edge_fusion,73,85,train,0.34401497605564024
edge_fusion,73,85,val,0.3639462273456871
edge_fusion,73,86,train,0.35722465802418324
edge_fusion,73,86,val,0.37031082901895745
edge_fusion,73,87,train,0.35375379206628915
edge_fusion,73,87,val,0.36483207845969495
edge_fusion,73,88,train,0.34492994977139096
edge_fusion,73,88,val,0.37091289970749347
edge_fusion,73,89,train,0.34667988859447746
edge_fusion,73,89,val,0.3747816505691604
edge_fusion,73,90,train,0.3448629820243999
edge_fusion,73,90,val,0.36591529601282596
edge_fusion,73,91,train,0.34185364449509137
edge_fusion,73,91,val,0.37049360327672964
edge_fusion,73,92,train,0.3525251357478658
edge_fusion,73,92,val,0.3690380768345183
edge_fusion,73,93,train,0.3462243394253691
edge_fusion,73,93,val,0.3603512329389008
edge_fusion,73,94,train,0.3463533512055875
edge_fusion,73,94,val,0.3680584815644268
edge_fusion,73,95,train,0.3388518402376407
edge_fusion,73,95,val,0.3645943294698134
edge_fusion,73,96,train,0.345252608537746
edge_fusion,73,96,val,0.36648685148076104
edge_fusion,73,97,train,0.34650690490818215
edge_fusion,73,97,val,0.3645328657023822
edge_fusion,73,98,train,0.34746178900002544
edge_fusion,73,98,val,0.3713326151483851
edge_fusion,73,99,train,0.34840668128220775
edge_fusion,73,99,val,0.36976081584006043
edge_fusion,73,100,train,0.352604409385823
edge_fusion,73,100,val,0.36998732122321537
edge_fusion,101,1,train,1.1452959163836873
edge_fusion,101,1,val,1.1392089405376933
edge_fusion,101,2,train,1.1711587766516869
edge_fusion,101,2,val,1.1065715978199018
edge_fusion,101,3,train,1.173530623372697
edge_fusion,101,3,val,1.0120970491025671
edge_fusion,101,4,train,1.0695608816294089
edge_fusion,101,4,val,0.9475351386404616
edge_fusion,101,5,train,0.8291937535042756
edge_fusion,101,5,val,0.9309268590950072
edge_fusion,101,6,train,0.9407593864230491
edge_fusion,101,6,val,0.7127677859820243
edge_fusion,101,7,train,0.8646072876519956
edge_fusion,101,7,val,0.9009845992621568
edge_fusion,101,8,train,0.8099299404882063
edge_fusion,101,8,val,0.7339104638835338
edge_fusion,101,9,train,0.7633505316014013
edge_fusion,101,9,val,0.7172113933012649
edge_fusion,101,10,train,0.7217035386033973
edge_fusion,101,10,val,0.6985117628764508
edge_fusion,101,11,train,0.624896260055452
edge_fusion,101,11,val,0.6214283771979685
edge_fusion,101,12,train,0.6036865873448772
edge_fusion,101,12,val,0.679114072171249
edge_fusion,101,13,train,0.6232640910769177
edge_fusion,101,13,val,0.5645051333381729
edge_fusion,101,14,train,0.6511272682112025
edge_fusion,101,14,val,0.5913005602331709
edge_fusion,101,15,train,0.5510360665268621
edge_fusion,101,15,val,0.44892054953280025
edge_fusion,101,16,train,0.5922911707717422
edge_fusion,101,16,val,0.520404593801885
edge_fusion,101,17,train,0.5312257832881806
edge_fusion,101,17,val,0.4192989964276523
edge_fusion,101,18,train,0.5616464675044501
edge_fusion,101,18,val,0.46620979487676995
edge_fusion,101,19,train,0.4442926569730357
edge_fusion,101,19,val,0.440861967510045
edge_fusion,101,20,train,0.4983086489580623
edge_fusion,101,20,val,0.4528379214603914
edge_fusion,101,21,train,0.36118721635481155
edge_fusion,101,21,val,0.46996634536500587
edge_fusion,101,22,train,0.40084740302060334
edge_fusion,101,22,val,0.43774673636406725
edge_fusion,101,23,train,0.3694916201779888
edge_fusion,101,23,val,0.48011897813493337
edge_fusion,101,24,train,0.36383469735149654
edge_fusion,101,24,val,0.47385541527324504
edge_fusion,101,25,train,0.4005288052981964
edge_fusion,101,25,val,0.36189690643347255
edge_fusion,101,26,train,0.3522810587718178
edge_fusion,101,26,val,0.3766046238639194
edge_fusion,101,27,train,0.38228786076454735
edge_fusion,101,27,val,0.39394110908181024
edge_fusion,101,28,train,0.4010027446247323
edge_fusion,101,28,val,0.42246524573250804
edge_fusion,101,29,train,0.370887019701364
edge_fusion,101,29,val,0.3591523353394699
edge_fusion,101,30,train,0.2868296081248168
edge_fusion,101,30,val,0.4045989151930914
edge_fusion,101,31,train,0.32041903883750306
edge_fusion,101,31,val,0.3596649393494891
edge_fusion,101,32,train,0.32974238267015027
edge_fusion,101,32,val,0.37760720390099106
edge_fusion,101,33,train,0.3533603299445816
edge_fusion,101,33,val,0.3582281585863793
edge_fusion,101,34,train,0.3750861064506424
edge_fusion,101,34,val,0.39651742932531764
edge_fusion,101,35,train,0.3524354115512668
edge_fusion,101,35,val,0.3567303305286536
edge_fusion,101,36,train,0.33325420079278656
edge_fusion,101,36,val,0.33517922450631715
edge_fusion,101,37,train,0.35591722177897006
edge_fusion,101,37,val,0.3310986916417922
edge_fusion,101,38,train,0.3151519930790332
edge_fusion,101,38,val,0.35989536279309253
edge_fusion,101,39,train,0.2941161503016074
edge_fusion,101,39,val,0.36072394280990594
edge_fusion,101,40,train,0.37471475567426044
edge_fusion,101,40,val,0.3438535471966353
edge_fusion,101,41,train,0.3394613352778752
edge_fusion,101,41,val,0.3864354328190893
edge_fusion,101,42,train,0.32602016116152366
edge_fusion,101,42,val,0.36097365440622
edge_fusion,101,43,train,0.3318023094333796
edge_fusion,101,43,val,0.33469246660605856
edge_fusion,101,44,train,0.337642133416664
edge_fusion,101,44,val,0.36110033227800553
edge_fusion,101,45,train,0.3101780822148709
edge_fusion,101,45,val,0.35603534264367304
edge_fusion,101,46,train,0.3314537888333957
edge_fusion,101,46,val,0.3575429454112819
edge_fusion,101,47,train,0.28296639422128783
edge_fusion,101,47,val,0.34716204455839417
edge_fusion,101,48,train,0.3290389482214716
edge_fusion,101,48,val,0.39077214923561887
edge_fusion,101,49,train,0.3370989427432262
edge_fusion,101,49,val,0.36681349326998575
edge_fusion,101,50,train,0.34403441516609307
edge_fusion,101,50,val,0.36218423815940637
edge_fusion,101,51,train,0.31254267742463165
edge_fusion,101,51,val,0.3406528981467174
edge_fusion,101,52,train,0.337511854854828
edge_fusion,101,52,val,0.33679681008106954
edge_fusion,101,53,train,0.33643622154433783
edge_fusion,101,53,val,0.32775499800371144
edge_fusion,101,54,train,0.3217582328737569
edge_fusion,101,54,val,0.3745045990027009
edge_fusion,101,55,train,0.3432020396309793
edge_fusion,101,55,val,0.33974733180560884
edge_fusion,101,56,train,0.3149608109499684
edge_fusion,101,56,val,0.38309018290738184
edge_fusion,101,57,train,0.3392377680785584
edge_fusion,101,57,val,0.3539746296425272
edge_fusion,101,58,train,0.31260708340836374
edge_fusion,101,58,val,0.3429523948442737
edge_fusion,101,59,train,0.3005781938204812
edge_fusion,101,59,val,0.3434224865718209
edge_fusion,101,60,train,0.31704022505100277
edge_fusion,101,60,val,0.34294526370173123
edge_fusion,101,61,train,0.3067836879461721
edge_fusion,101,61,val,0.3413178589547392
edge_fusion,101,62,train,0.3178188012304518
edge_fusion,101,62,val,0.33632049013016196
edge_fusion,101,63,train,0.30721083764005314
edge_fusion,101,63,val,0.3497108920352718
edge_fusion,101,64,train,0.31770051890726564
edge_fusion,101,64,val,0.36370567700918005
edge_fusion,101,65,train,0.32986071525962274
edge_fusion,101,65,val,0.34186960109055936
edge_fusion,101,66,train,0.3154217294726426
edge_fusion,101,66,val,0.3474086187046451
edge_fusion,101,67,train,0.3115395582448027
edge_fusion,101,67,val,0.33547117882105976
edge_fusion,101,68,train,0.32854985205082055
edge_fusion,101,68,val,0.3319048027989612
edge_fusion,101,69,train,0.3129118561697019
edge_fusion,101,69,val,0.3460427419074728
edge_fusion,101,70,train,0.3111325726680234
edge_fusion,101,70,val,0.3689559252918049
edge_fusion,101,71,train,0.3093390593597902
edge_fusion,101,71,val,0.35063922791402924
edge_fusion,101,72,train,0.31677050884257885
edge_fusion,101,72,val,0.3426874475217685
edge_fusion,101,73,train,0.318205556921052
edge_fusion,101,73,val,0.33861023900706766
edge_fusion,101,74,train,0.30715134319795995
edge_fusion,101,74,val,0.35522396667019795
edge_fusion,101,75,train,0.3309233435969268
edge_fusion,101,75,val,0.3470680959556247
edge_fusion,101,76,train,0.31376695676291066
edge_fusion,101,76,val,0.33713530165299993
edge_fusion,101,77,train,0.30129251214008484
edge_fusion,101,77,val,0.34794703806016386
edge_fusion,101,78,train,0.30836572706519516
edge_fusion,101,78,val,0.34090835038479184
edge_fusion,101,79,train,0.31689271918928813
edge_fusion,101,79,val,0.340368459088582
edge_fusion,101,80,train,0.3028836134733363
edge_fusion,101,80,val,0.3522598859757073
edge_fusion,101,81,train,0.3022467257759177
edge_fusion,101,81,val,0.3458049987417677
edge_fusion,101,82,train,0.31098818096373626
edge_fusion,101,82,val,0.3452280040150789
edge_fusion,101,83,train,0.3077479432938023
edge_fusion,101,83,val,0.3495533689524969
edge_fusion,101,84,train,0.30505021593553266
edge_fusion,101,84,val,0.34082881445861074
edge_fusion,101,85,train,0.32358858291444403
edge_fusion,101,85,val,0.34516565682081113
edge_fusion,101,86,train,0.31200156187942196
edge_fusion,101,86,val,0.3492302819474777
edge_fusion,101,87,train,0.2939055781667962
edge_fusion,101,87,val,0.3535849642148222
edge_fusion,101,88,train,0.3099169316001175
edge_fusion,101,88,val,0.35459418933921616
edge_fusion,101,89,train,0.3200009094150619
edge_fusion,101,89,val,0.35239635004413805
edge_fusion,101,90,train,0.3110587407776688
edge_fusion,101,90,val,0.3422853626505834
edge_fusion,101,91,train,0.31054431972022517
edge_fusion,101,91,val,0.34274257962665144
edge_fusion,101,92,train,0.31231396328532773
edge_fusion,101,92,val,0.3498288054207045
edge_fusion,101,93,train,0.30836124809197857
edge_fusion,101,93,val,0.3457662303876615
edge_fusion,101,94,train,0.3089094734803137
edge_fusion,101,94,val,0.34238766705707935
edge_fusion,101,95,train,0.30874387849374346
edge_fusion,101,95,val,0.345657126589569
edge_fusion,101,96,train,0.3139786179672444
edge_fusion,101,96,val,0.34267387677137795
edge_fusion,101,97,train,0.31296511980833963
edge_fusion,101,97,val,0.3498939155942853
edge_fusion,101,98,train,0.3178642406440231
edge_fusion,101,98,val,0.3439671727743838
edge_fusion,101,99,train,0.311856425230363
edge_fusion,101,99,val,0.3496286634657955
edge_fusion,101,100,train,0.3118126786586972
edge_fusion,101,100,val,0.3464767981338213
edge_fusion,211,1,train,1.4842380056247984
edge_fusion,211,1,val,1.127767968320363
edge_fusion,211,2,train,1.3215647159860187
edge_fusion,211,2,val,0.9361328265926823
edge_fusion,211,3,train,1.3318209820003573
edge_fusion,211,3,val,1.0564973673476268
edge_fusion,211,4,train,1.1614379714151928
edge_fusion,211,4,val,0.9363840114475729
edge_fusion,211,5,train,1.1321851991144223
edge_fusion,211,5,val,0.8944175277962874
edge_fusion,211,6,train,0.9220920220077496
edge_fusion,211,6,val,0.8425014968009233
edge_fusion,211,7,train,0.9496709168656466
edge_fusion,211,7,val,0.7447349710755322
edge_fusion,211,8,train,0.8304585265439172
edge_fusion,211,8,val,0.8246642285728571
edge_fusion,211,9,train,0.8129053681082342
edge_fusion,211,9,val,0.660012510189733
edge_fusion,211,10,train,0.7598282185168915
edge_fusion,211,10,val,0.7200600259718111
edge_fusion,211,11,train,0.6857183716731101
edge_fusion,211,11,val,0.5503259431409298
edge_fusion,211,12,train,0.5968605598277356
edge_fusion,211,12,val,0.6828483121280647
edge_fusion,211,13,train,0.767778028480918
edge_fusion,211,13,val,0.6627379439008481
edge_fusion,211,14,train,0.6471705287951488
edge_fusion,211,14,val,0.5242331156108644
edge_fusion,211,15,train,0.4939685543694379
edge_fusion,211,15,val,0.5253724418204951
edge_fusion,211,16,train,0.5264742338005718
edge_fusion,211,16,val,0.5932678636883971
edge_fusion,211,17,train,0.5227858802327635
edge_fusion,211,17,val,0.582275495318863
edge_fusion,211,18,train,0.551505712435518
edge_fusion,211,18,val,0.559402329466813
edge_fusion,211,19,train,0.617825370960702
edge_fusion,211,19,val,0.45083995903487106
edge_fusion,211,20,train,0.5396342961827154
edge_fusion,211,20,val,0.5004175924960785
edge_fusion,211,21,train,0.49688608730742695
edge_fusion,211,21,val,0.42700273064083544
edge_fusion,211,22,train,0.45150242609753855
edge_fusion,211,22,val,0.5031279796382371
edge_fusion,211,23,train,0.47389086483828474
edge_fusion,211,23,val,0.4059389399130301
edge_fusion,211,24,train,0.41554101237824054
edge_fusion,211,24,val,0.4734891383987975
edge_fusion,211,25,train,0.4729520498484662
edge_fusion,211,25,val,0.4413885220693378
edge_fusion,211,26,train,0.37368776049700947
edge_fusion,211,26,val,0.42288022213045556
edge_fusion,211,27,train,0.4612643193372807
edge_fusion,211,27,val,0.5002712493699312
edge_fusion,211,28,train,0.4609995384770466
edge_fusion,211,28,val,0.4619951466359146
edge_fusion,211,29,train,0.35969321026441625
edge_fusion,211,29,val,0.41027133298230656
edge_fusion,211,30,train,0.4302565508834564
edge_fusion,211,30,val,0.35536071998961194
edge_fusion,211,31,train,0.34111139470683893
edge_fusion,211,31,val,0.40515184153503275
edge_fusion,211,32,train,0.4279026259833852
edge_fusion,211,32,val,0.4499919754809844
edge_fusion,211,33,train,0.4093419510565317
edge_fusion,211,33,val,0.49825831339079973
edge_fusion,211,34,train,0.37615106169427637
edge_fusion,211,34,val,0.38749620239475824
edge_fusion,211,35,train,0.39274109015017167
edge_fusion,211,35,val,0.3534291443682761
edge_fusion,211,36,train,0.40396049278453267
edge_fusion,211,36,val,0.4166661507113642
edge_fusion,211,37,train,0.37946719587263783
edge_fusion,211,37,val,0.37526191985074797
edge_fusion,211,38,train,0.3784263338676963
edge_fusion,211,38,val,0.40427248800878074
edge_fusion,211,39,train,0.41109652580820427
edge_fusion,211,39,val,0.3711626657910125
edge_fusion,211,40,train,0.380166989587147
edge_fusion,211,40,val,0.37325012120292794
edge_fusion,211,41,train,0.34286908667041993
edge_fusion,211,41,val,0.3766159465461926
edge_fusion,211,42,train,0.40410977345137106
edge_fusion,211,42,val,0.32313467901659154
edge_fusion,211,43,train,0.35651898930793824
edge_fusion,211,43,val,0.35837863100330025
edge_fusion,211,44,train,0.3649589760109376
edge_fusion,211,44,val,0.3687932071542353
edge_fusion,211,45,train,0.3934985026337583
edge_fusion,211,45,val,0.381600953026151
edge_fusion,211,46,train,0.357186853349243
edge_fusion,211,46,val,0.40061204508490533
edge_fusion,211,47,train,0.3337788888345421
edge_fusion,211,47,val,0.3363392749922617
edge_fusion,211,48,train,0.35509075223289205
edge_fusion,211,48,val,0.34160644446323324
edge_fusion,211,49,train,0.3568181273312135
edge_fusion,211,49,val,0.367853591129629
edge_fusion,211,50,train,0.3647222867079775
edge_fusion,211,50,val,0.4001391758235907
edge_fusion,211,51,train,0.35867271575625026
edge_fusion,211,51,val,0.35333244982701556
edge_fusion,211,52,train,0.34720502646141055
edge_fusion,211,52,val,0.3546837716603826
edge_fusion,211,53,train,0.3491969055529197
edge_fusion,211,53,val,0.3580812003710129
edge_fusion,211,54,train,0.3525281276806139
edge_fusion,211,54,val,0.37952422779709455
edge_fusion,211,55,train,0.35473259111953825
edge_fusion,211,55,val,0.39606321668960753
edge_fusion,211,56,train,0.3669811152457066
edge_fusion,211,56,val,0.3356723930028253
edge_fusion,211,57,train,0.38433763136260835
edge_fusion,211,57,val,0.36353681975346924
edge_fusion,211,58,train,0.34804749974442156
edge_fusion,211,58,val,0.36887344843612013
edge_fusion,211,59,train,0.3266049758368933
edge_fusion,211,59,val,0.3773351665467533
edge_fusion,211,60,train,0.3504757155990117
edge_fusion,211,60,val,0.3725186940854966
edge_fusion,211,61,train,0.34647419592584516
edge_fusion,211,61,val,0.37627053121392523
edge_fusion,211,62,train,0.36313555465483843
edge_fusion,211,62,val,0.3670306859003468
edge_fusion,211,63,train,0.3715716543570074
edge_fusion,211,63,val,0.37149473231067937
edge_fusion,211,64,train,0.3483599218144771
edge_fusion,211,64,val,0.3701953838638852
edge_fusion,211,65,train,0.35637288405634276
edge_fusion,211,65,val,0.38360091022580656
edge_fusion,211,66,train,0.34499983112264104
edge_fusion,211,66,val,0.37519406244210146
edge_fusion,211,67,train,0.3565495852077567
edge_fusion,211,67,val,0.36649492657456917
edge_fusion,211,68,train,0.3573125020231099
edge_fusion,211,68,val,0.35919143817357685
edge_fusion,211,69,train,0.3371858480684965
edge_fusion,211,69,val,0.3621214877662873
edge_fusion,211,70,train,0.35584325637099634
edge_fusion,211,70,val,0.362611517418686
edge_fusion,211,71,train,0.34210194920659126
edge_fusion,211,71,val,0.34917658078055447
edge_fusion,211,72,train,0.35077958466894354
edge_fusion,211,72,val,0.3713850742212854
edge_fusion,211,73,train,0.3417796809585479
edge_fusion,211,73,val,0.37156719905402286
edge_fusion,211,74,train,0.3527760633086625
edge_fusion,211,74,val,0.3633508098405835
edge_fusion,211,75,train,0.35787766609846866
edge_fusion,211,75,val,0.3917766769296838
edge_fusion,211,76,train,0.34359097961733326
edge_fusion,211,76,val,0.3778055111106472
edge_fusion,211,77,train,0.3538627062997131
edge_fusion,211,77,val,0.3717077186996345
edge_fusion,211,78,train,0.3450417096565277
edge_fusion,211,78,val,0.38095677740030465
edge_fusion,211,79,train,0.36293265569582844
edge_fusion,211,79,val,0.36734746342311747
edge_fusion,211,80,train,0.35082225518683613
edge_fusion,211,80,val,0.38255772198226845
edge_fusion,211,81,train,0.3575970106077509
edge_fusion,211,81,val,0.37755255693098766
edge_fusion,211,82,train,0.3518359930928954
edge_fusion,211,82,val,0.3740135975354894
edge_fusion,211,83,train,0.35145601143195293
edge_fusion,211,83,val,0.3729268800939644
edge_fusion,211,84,train,0.3598038122156016
edge_fusion,211,84,val,0.3789162683739553
edge_fusion,211,85,train,0.341695667353461
edge_fusion,211,85,val,0.37000501432918054
edge_fusion,211,86,train,0.34988874635992706
edge_fusion,211,86,val,0.3709938949051419
edge_fusion,211,87,train,0.3535589916568482
edge_fusion,211,87,val,0.36711655159842604
edge_fusion,211,88,train,0.350735765468382
edge_fusion,211,88,val,0.3800551269370154
edge_fusion,211,89,train,0.35259615498483926
edge_fusion,211,89,val,0.37020058657411675
edge_fusion,211,90,train,0.3416714553786561
edge_fusion,211,90,val,0.3679792462514186
edge_fusion,211,91,train,0.3544500382272679
edge_fusion,211,91,val,0.37189464772282255
edge_fusion,211,92,train,0.35344505259686687
edge_fusion,211,92,val,0.3771738020970293
edge_fusion,211,93,train,0.34707883364973624
edge_fusion,211,93,val,0.37805317462061067
edge_fusion,211,94,train,0.35191355108224504
edge_fusion,211,94,val,0.3695301422609229
edge_fusion,211,95,train,0.35482348389436247
edge_fusion,211,95,val,0.37150697223897905
edge_fusion,211,96,train,0.35821310302340714
edge_fusion,211,96,val,0.37077766119541944
edge_fusion,211,97,train,0.359871126534706
edge_fusion,211,97,val,0.3667574145559039
edge_fusion,211,98,train,0.3549711945407023
edge_fusion,211,98,val,0.3612304226390339
edge_fusion,211,99,train,0.34809364317944774
edge_fusion,211,99,val,0.37099721328367724
edge_fusion,211,100,train,0.3499797629658413
edge_fusion,211,100,val,0.37351563210343364
edge_fusion,421,1,train,1.4130264774047798
edge_fusion,421,1,val,1.3714462895473991
edge_fusion,421,2,train,1.3003458497570966
edge_fusion,421,2,val,1.1982339977530725
edge_fusion,421,3,train,1.1820751169723416
edge_fusion,421,3,val,1.131424828386789
edge_fusion,421,4,train,1.0514891589729456
edge_fusion,421,4,val,0.9120816347529327
edge_fusion,421,5,train,1.0138209041735835
edge_fusion,421,5,val,0.9562991387147192
edge_fusion,421,6,train,1.0751590996436753
edge_fusion,421,6,val,0.8541136770276515
edge_fusion,421,7,train,0.9455658805425741
edge_fusion,421,7,val,0.7469929623164234
edge_fusion,421,8,train,0.8139338898492632
edge_fusion,421,8,val,0.7984817903764985
edge_fusion,421,9,train,0.8515255569122616
edge_fusion,421,9,val,0.8552377463367372
edge_fusion,421,10,train,0.7747410095562215
edge_fusion,421,10,val,0.7210459633253697
edge_fusion,421,11,train,0.7486065467520162
edge_fusion,421,11,val,0.710428039467675
edge_fusion,421,12,train,0.7084005591256347
edge_fusion,421,12,val,0.6026248581935822
edge_fusion,421,13,train,0.5596400191340788
edge_fusion,421,13,val,0.6837595534672544
edge_fusion,421,14,train,0.5678738779680634
edge_fusion,421,14,val,0.5345823439862711
edge_fusion,421,15,train,0.5503330857334195
edge_fusion,421,15,val,0.5792329133471474
edge_fusion,421,16,train,0.5563163966048955
edge_fusion,421,16,val,0.5457277880855718
edge_fusion,421,17,train,0.6013285517554201
edge_fusion,421,17,val,0.48816953760315024
edge_fusion,421,18,train,0.4978743593264366
edge_fusion,421,18,val,0.4628838363817744
edge_fusion,421,19,train,0.5090148972035826
edge_fusion,421,19,val,0.47263273375161846
edge_fusion,421,20,train,0.3976210699933038
edge_fusion,421,20,val,0.45970353816242115
edge_fusion,421,21,train,0.46902092224699793
edge_fusion,421,21,val,0.4492227401443764
edge_fusion,421,22,train,0.46492668487432554
edge_fusion,421,22,val,0.49821327325261655
edge_fusion,421,23,train,0.4534560518577519
edge_fusion,421,23,val,0.4518966522748468
edge_fusion,421,24,train,0.4069050310766082
edge_fusion,421,24,val,0.43757068639480784
edge_fusion,421,25,train,0.40105875504087307
edge_fusion,421,25,val,0.4357802772899542
edge_fusion,421,26,train,0.41804819995526166
edge_fusion,421,26,val,0.4039385630338598
edge_fusion,421,27,train,0.4106331455402602
edge_fusion,421,27,val,0.4293744364786731
edge_fusion,421,28,train,0.4141469614041449
edge_fusion,421,28,val,0.4146047408768164
edge_fusion,421,29,train,0.3791309716531427
edge_fusion,421,29,val,0.4129499800642627
edge_fusion,421,30,train,0.39220591370264396
edge_fusion,421,30,val,0.3807162173780146
edge_fusion,421,31,train,0.3903933070844979
edge_fusion,421,31,val,0.3663389118043756
edge_fusion,421,32,train,0.34689046597228873
edge_fusion,421,32,val,0.3984143007739351
edge_fusion,421,33,train,0.32771803615707046
edge_fusion,421,33,val,0.32904398846731675
edge_fusion,421,34,train,0.4104250266470955
edge_fusion,421,34,val,0.3575180479798234
edge_fusion,421,35,train,0.36662652267119256
edge_fusion,421,35,val,0.4116076039553014
edge_fusion,421,36,train,0.3333477373026369
edge_fusion,421,36,val,0.4143840974361495
edge_fusion,421,37,train,0.36533835697318345
edge_fusion,421,37,val,0.39644662237528117
edge_fusion,421,38,train,0.3275416022304606
edge_fusion,421,38,val,0.4011572566414041
edge_fusion,421,39,train,0.34940897584892244
edge_fusion,421,39,val,0.34649663735418457
edge_fusion,421,40,train,0.35407661911094196
edge_fusion,421,40,val,0.35715357859969915
edge_fusion,421,41,train,0.3286369840182633
edge_fusion,421,41,val,0.40124797580765587
edge_fusion,421,42,train,0.33665543941770004
edge_fusion,421,42,val,0.3752421916602223
edge_fusion,421,43,train,0.3644183227935525
edge_fusion,421,43,val,0.3917573714337443
edge_fusion,421,44,train,0.3600359045583942
edge_fusion,421,44,val,0.3639174150462473
edge_fusion,421,45,train,0.31842264102244383
edge_fusion,421,45,val,0.35515575369141
edge_fusion,421,46,train,0.3375792206926269
edge_fusion,421,46,val,0.36461610989505644
edge_fusion,421,47,train,0.32494461720120094
edge_fusion,421,47,val,0.33827481135477383
edge_fusion,421,48,train,0.3397264498159905
edge_fusion,421,48,val,0.3583629515037285
edge_fusion,421,49,train,0.32100262901788884
edge_fusion,421,49,val,0.39154696172141756
edge_fusion,421,50,train,0.29667287173658663
edge_fusion,421,50,val,0.3803959017806069
edge_fusion,421,51,train,0.3422275966355463
edge_fusion,421,51,val,0.33986651947889424
edge_fusion,421,52,train,0.3222310818453703
edge_fusion,421,52,val,0.352525337559523
edge_fusion,421,53,train,0.3315932602308305
edge_fusion,421,53,val,0.34192332715195634
edge_fusion,421,54,train,0.3287490527267213
edge_fusion,421,54,val,0.3406498874556746
edge_fusion,421,55,train,0.33427695154238324
edge_fusion,421,55,val,0.3460957680034427
edge_fusion,421,56,train,0.32099969686941476
edge_fusion,421,56,val,0.3442321214471076
edge_fusion,421,57,train,0.3361763044094826
edge_fusion,421,57,val,0.36735977026030664
edge_fusion,421,58,train,0.3445711960836805
edge_fusion,421,58,val,0.34747414895358825
edge_fusion,421,59,train,0.31850202562112995
edge_fusion,421,59,val,0.36108521062038207
edge_fusion,421,60,train,0.32751093878285714
edge_fusion,421,60,val,0.35478329085687366
edge_fusion,421,61,train,0.31295487290254254
edge_fusion,421,61,val,0.33791389431477636
edge_fusion,421,62,train,0.3286251084939778
edge_fusion,421,62,val,0.341513525637293
edge_fusion,421,63,train,0.31914858287411896
edge_fusion,421,63,val,0.33222325548818593
edge_fusion,421,64,train,0.31117847202385474
edge_fusion,421,64,val,0.33882396710725
edge_fusion,421,65,train,0.31191557272642867
edge_fusion,421,65,val,0.3482091340718058
edge_fusion,421,66,train,0.3234965152655219
edge_fusion,421,66,val,0.35301664479871464
edge_fusion,421,67,train,0.3304945776123682
edge_fusion,421,67,val,0.3332513901144502
edge_fusion,421,68,train,0.32211937558138476
edge_fusion,421,68,val,0.35111745556918733
edge_fusion,421,69,train,0.3242618339588206
edge_fusion,421,69,val,0.33944172147763685
edge_fusion,421,70,train,0.3441852700179892
edge_fusion,421,70,val,0.3354527661789514
edge_fusion,421,71,train,0.33180737158985135
edge_fusion,421,71,val,0.33561561382031774
edge_fusion,421,72,train,0.3269684663424064
edge_fusion,421,72,val,0.335797322376857
edge_fusion,421,73,train,0.3401793313728268
edge_fusion,421,73,val,0.3515060479009658
edge_fusion,421,74,train,0.32789832165882044
edge_fusion,421,74,val,0.35051991767844903
edge_fusion,421,75,train,0.31652068963409935
edge_fusion,421,75,val,0.3615534363233946
edge_fusion,421,76,train,0.32156681537240706
edge_fusion,421,76,val,0.3447694244788942
edge_fusion,421,77,train,0.32729187952874406
edge_fusion,421,77,val,0.35190976870281737
edge_fusion,421,78,train,0.3195714912122803
edge_fusion,421,78,val,0.3441835018817884
edge_fusion,421,79,train,0.3259896505286995
edge_fusion,421,79,val,0.36185128979633685
edge_fusion,421,80,train,0.3378599387708482
edge_fusion,421,80,val,0.34465680978368385
edge_fusion,421,81,train,0.3159940827464568
edge_fusion,421,81,val,0.3554915390789723
edge_fusion,421,82,train,0.32106424545279244
edge_fusion,421,82,val,0.3559190128124188
edge_fusion,421,83,train,0.32953973889740484
edge_fusion,421,83,val,0.34018885545518596
edge_fusion,421,84,train,0.3265661634951691
edge_fusion,421,84,val,0.34710020464634267
edge_fusion,421,85,train,0.32530695267583337
edge_fusion,421,85,val,0.3433238232848159
edge_fusion,421,86,train,0.3299906059018532
edge_fusion,421,86,val,0.3454900407740907
edge_fusion,421,87,train,0.3306541484118618
edge_fusion,421,87,val,0.3436475244328776
edge_fusion,421,88,train,0.3259853176841519
edge_fusion,421,88,val,0.3411089903533174
edge_fusion,421,89,train,0.32521146872907736
edge_fusion,421,89,val,0.34528279490716174
edge_fusion,421,90,train,0.32026726761578306
edge_fusion,421,90,val,0.35052787045762784
edge_fusion,421,91,train,0.33176714470442487
edge_fusion,421,91,val,0.34820967210721665
edge_fusion,421,92,train,0.3314203943159384
edge_fusion,421,92,val,0.34251434319884905
edge_fusion,421,93,train,0.32768673637176654
edge_fusion,421,93,val,0.3406268757747023
edge_fusion,421,94,train,0.3173125743183108
edge_fusion,421,94,val,0.34326217098616657
edge_fusion,421,95,train,0.3211811069631933
edge_fusion,421,95,val,0.3458744437625294
edge_fusion,421,96,train,0.3252246391786073
edge_fusion,421,96,val,0.34237835231109076
edge_fusion,421,97,train,0.32856892874748955
edge_fusion,421,97,val,0.34326420173390304
edge_fusion,421,98,train,0.3300844526784865
edge_fusion,421,98,val,0.34873749775717694
edge_fusion,421,99,train,0.3297895945612134
edge_fusion,421,99,val,0.3447150685774825
edge_fusion,421,100,train,0.32500753616382616
edge_fusion,421,100,val,0.3546091850618279
edge_fusion,563,1,train,1.4932238534866638
edge_fusion,563,1,val,1.1678132884256525
edge_fusion,563,2,train,1.415341975047497
edge_fusion,563,2,val,1.1157443979443809
edge_fusion,563,3,train,1.4166181347856812
edge_fusion,563,3,val,1.0056621782382382
edge_fusion,563,4,train,1.1770648925413292
edge_fusion,563,4,val,0.8887654431776925
edge_fusion,563,5,train,1.2258774633016214
edge_fusion,563,5,val,0.8182114723482034
edge_fusion,563,6,train,1.0446953507577086
edge_fusion,563,6,val,0.9427698082464331
edge_fusion,563,7,train,1.1062624018643328
edge_fusion,563,7,val,0.7017358762672917
edge_fusion,563,8,train,0.9074845187750699
edge_fusion,563,8,val,0.696766874987739
edge_fusion,563,9,train,0.8537894905598638
edge_fusion,563,9,val,0.729987444877926
edge_fusion,563,10,train,0.8001840528461852
edge_fusion,563,10,val,0.6168220708785994
edge_fusion,563,11,train,0.8366714100942871
edge_fusion,563,11,val,0.5600599122995212
edge_fusion,563,12,train,0.6523830564933529
edge_fusion,563,12,val,0.49861231916416776
edge_fusion,563,13,train,0.674941511497471
edge_fusion,563,13,val,0.5132244633710629
edge_fusion,563,14,train,0.5971875991938669
edge_fusion,563,14,val,0.573359003855471
edge_fusion,563,15,train,0.6179275918840782
edge_fusion,563,15,val,0.541762911411779
edge_fusion,563,16,train,0.5166879055090552
edge_fusion,563,16,val,0.4785502528961678
edge_fusion,563,17,train,0.5776795813666832
edge_fusion,563,17,val,0.49140835603472677
edge_fusion,563,18,train,0.5213010313953538
edge_fusion,563,18,val,0.5713384389942536
edge_fusion,563,19,train,0.5415040910434966
edge_fusion,563,19,val,0.4503013044105961
edge_fusion,563,20,train,0.4600088035759353
edge_fusion,563,20,val,0.42802450255292585
edge_fusion,563,21,train,0.48226772236087256
edge_fusion,563,21,val,0.4317774352191486
edge_fusion,563,22,train,0.46430809878871604
edge_fusion,563,22,val,0.43922232986664606
edge_fusion,563,23,train,0.4018591147494045
edge_fusion,563,23,val,0.4209645721608361
edge_fusion,563,24,train,0.4127486611611677
edge_fusion,563,24,val,0.3364178290552058
edge_fusion,563,25,train,0.36381568651889
edge_fusion,563,25,val,0.4108292455022446
edge_fusion,563,26,train,0.3039415287112472
edge_fusion,563,26,val,0.38099066308799573
edge_fusion,563,27,train,0.379490006017039
edge_fusion,563,27,val,0.351913436167216
edge_fusion,563,28,train,0.390029819584398
edge_fusion,563,28,val,0.41805366977384273
edge_fusion,563,29,train,0.3675389993230658
edge_fusion,563,29,val,0.35996501246143053
edge_fusion,563,30,train,0.3753307682165585
edge_fusion,563,30,val,0.3315921816486455
edge_fusion,563,31,train,0.35296060677315766
edge_fusion,563,31,val,0.3577863580242285
edge_fusion,563,32,train,0.30044418870425044
edge_fusion,563,32,val,0.31176980119196945
edge_fusion,563,33,train,0.2823054011024723
edge_fusion,563,33,val,0.29788838267943624
edge_fusion,563,34,train,0.2968634054243089
edge_fusion,563,34,val,0.3371478733741223
edge_fusion,563,35,train,0.31774833621190923
edge_fusion,563,35,val,0.3559529377079882
edge_fusion,563,36,train,0.32499674958165353
edge_fusion,563,36,val,0.30837524084926854
edge_fusion,563,37,train,0.29035853232519
edge_fusion,563,37,val,0.3419510999441941
edge_fusion,563,38,train,0.32214121431102427
edge_fusion,563,38,val,0.3224723100094001
edge_fusion,563,39,train,0.2890545495991788
edge_fusion,563,39,val,0.31260852532076094
edge_fusion,563,40,train,0.35633617074675356
edge_fusion,563,40,val,0.373795711909424
edge_fusion,563,41,train,0.30639671845025507
edge_fusion,563,41,val,0.301818160755413
edge_fusion,563,42,train,0.2855773886936527
edge_fusion,563,42,val,0.2795764670517121
edge_fusion,563,43,train,0.31860215441468026
edge_fusion,563,43,val,0.33329975513244375
edge_fusion,563,44,train,0.3209957240168124
edge_fusion,563,44,val,0.32867086734414497
edge_fusion,563,45,train,0.2602385762220999
edge_fusion,563,45,val,0.3217971482143243
edge_fusion,563,46,train,0.30051096748668504
edge_fusion,563,46,val,0.2893709406527632
edge_fusion,563,47,train,0.29991012941417283
edge_fusion,563,47,val,0.3190419938860185
edge_fusion,563,48,train,0.3075673437793555
edge_fusion,563,48,val,0.32498821250234433
edge_fusion,563,49,train,0.3235952411140705
edge_fusion,563,49,val,0.34674103665720263
edge_fusion,563,50,train,0.30031920549474095
edge_fusion,563,50,val,0.3220300976185146
edge_fusion,563,51,train,0.30915003066056546
edge_fusion,563,51,val,0.31983635692994844
edge_fusion,563,52,train,0.3021753771576844
edge_fusion,563,52,val,0.3197683617562666
edge_fusion,563,53,train,0.27485623167807643
edge_fusion,563,53,val,0.3457799317166479
edge_fusion,563,54,train,0.2730335776377059
edge_fusion,563,54,val,0.3330604807334278
edge_fusion,563,55,train,0.3027981371488753
edge_fusion,563,55,val,0.33775187343326984
edge_fusion,563,56,train,0.28344607476858946
edge_fusion,563,56,val,0.3268259475847943
edge_fusion,563,57,train,0.30838075011904437
edge_fusion,563,57,val,0.298885874566641
edge_fusion,563,58,train,0.27796523970664455
edge_fusion,563,58,val,0.34124107647618235
edge_fusion,563,59,train,0.29604027860327353
edge_fusion,563,59,val,0.3145479164131191
edge_fusion,563,60,train,0.27721924932383796
edge_fusion,563,60,val,0.3312928434413249
edge_fusion,563,61,train,0.297755676655042
edge_fusion,563,61,val,0.3000417152769648
edge_fusion,563,62,train,0.28652643678271555
edge_fusion,563,62,val,0.33033149136732093
edge_fusion,563,63,train,0.27510424966453395
edge_fusion,563,63,val,0.3318704696511823
edge_fusion,563,64,train,0.2840233809157664
edge_fusion,563,64,val,0.3127049930107304
edge_fusion,563,65,train,0.2881132554700897
edge_fusion,563,65,val,0.3168639379413067
edge_fusion,563,66,train,0.2896112192606176
edge_fusion,563,66,val,0.3025409540442842
edge_fusion,563,67,train,0.2806272960825216
edge_fusion,563,67,val,0.3067889431755316
edge_fusion,563,68,train,0.2804638621846619
edge_fusion,563,68,val,0.3083980096113834
edge_fusion,563,69,train,0.3035329962935356
edge_fusion,563,69,val,0.2938073327156957
edge_fusion,563,70,train,0.28788258581379284
edge_fusion,563,70,val,0.32856941964738456
edge_fusion,563,71,train,0.2948081702840823
edge_fusion,563,71,val,0.3125122063401942
edge_fusion,563,72,train,0.29534877838855306
edge_fusion,563,72,val,0.31620271970525626
edge_fusion,563,73,train,0.2871648816342714
edge_fusion,563,73,val,0.3189443524800998
edge_fusion,563,74,train,0.27615222366731473
edge_fusion,563,74,val,0.3226742158607904
edge_fusion,563,75,train,0.28382317724787753
edge_fusion,563,75,val,0.3274656758692028
edge_fusion,563,76,train,0.2920627056578532
edge_fusion,563,76,val,0.3187852881545254
edge_fusion,563,77,train,0.2864777430163565
edge_fusion,563,77,val,0.3098273098577836
edge_fusion,563,78,train,0.2991629625286825
edge_fusion,563,78,val,0.3215881950007222
edge_fusion,563,79,train,0.2707332839414566
edge_fusion,563,79,val,0.33140360878930464
edge_fusion,563,80,train,0.2833244146322132
edge_fusion,563,80,val,0.3286033054837724
edge_fusion,563,81,train,0.28209242360894377
edge_fusion,563,81,val,0.3267068270861279
edge_fusion,563,82,train,0.2773577853358756
edge_fusion,563,82,val,0.3178084794006954
edge_fusion,563,83,train,0.2808390767785513
edge_fusion,563,83,val,0.3173060027147186
edge_fusion,563,84,train,0.27597851206116564
edge_fusion,563,84,val,0.3289868220574556
edge_fusion,563,85,train,0.29424728327030425
edge_fusion,563,85,val,0.31730119440034377
edge_fusion,563,86,train,0.27778516706553325
edge_fusion,563,86,val,0.31019056104576687
edge_fusion,563,87,train,0.2815587280435794
edge_fusion,563,87,val,0.3044085523904948
edge_fusion,563,88,train,0.2931422022342818
edge_fusion,563,88,val,0.32724964890817637
edge_fusion,563,89,train,0.2708490373674743
edge_fusion,563,89,val,0.3166941893297363
edge_fusion,563,90,train,0.2895581506327226
edge_fusion,563,90,val,0.3198961172021038
edge_fusion,563,91,train,0.2806218459753533
edge_fusion,563,91,val,0.32091633688384674
edge_fusion,563,92,train,0.28147036652943014
edge_fusion,563,92,val,0.3124915389380967
edge_fusion,563,93,train,0.28231692915683454
edge_fusion,563,93,val,0.31898798972003944
edge_fusion,563,94,train,0.2786200910556456
edge_fusion,563,94,val,0.31652066749666186
edge_fusion,563,95,train,0.281383496642533
edge_fusion,563,95,val,0.3150033990307835
edge_fusion,563,96,train,0.290032913267219
edge_fusion,563,96,val,0.3203487053092695
edge_fusion,563,97,train,0.28488346193351466
edge_fusion,563,97,val,0.3182750013224581
edge_fusion,563,98,train,0.28556101330716366
edge_fusion,563,98,val,0.32148846461169955
edge_fusion,563,99,train,0.2881424757734846
edge_fusion,563,99,val,0.31728505759299513
edge_fusion,563,100,train,0.28009373004250093
edge_fusion,563,100,val,0.3106078992427581
edge_fusion,719,1,train,1.5663972653045601
edge_fusion,719,1,val,1.01042433513529
edge_fusion,719,2,train,1.540719192976221
edge_fusion,719,2,val,1.0119910064899356
edge_fusion,719,3,train,1.2497272616538102
edge_fusion,719,3,val,0.8777500755771894
edge_fusion,719,4,train,1.248197300351311
edge_fusion,719,4,val,0.9807364444827754
edge_fusion,719,5,train,1.1717251526615173
edge_fusion,719,5,val,0.870704215383352
edge_fusion,719,6,train,1.0507645287006575
edge_fusion,719,6,val,0.7759294150163485
edge_fusion,719,7,train,0.9845693044983549
edge_fusion,719,7,val,0.7874615040942381
edge_fusion,719,8,train,0.9391643591451789
edge_fusion,719,8,val,0.75512746312575
edge_fusion,719,9,train,0.8808928975569593
edge_fusion,719,9,val,0.6780279134292735
edge_fusion,719,10,train,0.8666202237723442
edge_fusion,719,10,val,0.5994359128664597
edge_fusion,719,11,train,0.8111407467095316
edge_fusion,719,11,val,0.6566329526048877
edge_fusion,719,12,train,0.8003476182057111
edge_fusion,719,12,val,0.6249564701269665
edge_fusion,719,13,train,0.6361439692499309
edge_fusion,719,13,val,0.542349162113981
edge_fusion,719,14,train,0.6509440043293732
edge_fusion,719,14,val,0.5310203391654804
edge_fusion,719,15,train,0.6128695522459429
edge_fusion,719,15,val,0.4991367751995761
edge_fusion,719,16,train,0.5750800264967473
edge_fusion,719,16,val,0.5275487005737736
edge_fusion,719,17,train,0.5836607844791746
edge_fusion,719,17,val,0.49471888885920473
edge_fusion,719,18,train,0.532434650590621
edge_fusion,719,18,val,0.5380615395708159
edge_fusion,719,19,train,0.5139205388656637
edge_fusion,719,19,val,0.43137261789921233
edge_fusion,719,20,train,0.5243528931913493
edge_fusion,719,20,val,0.3988358778098349
edge_fusion,719,21,train,0.573576085336321
edge_fusion,719,21,val,0.4328644953555589
edge_fusion,719,22,train,0.4356285347810244
edge_fusion,719,22,val,0.3590262155276728
edge_fusion,719,23,train,0.4302219534601787
edge_fusion,719,23,val,0.41113004389666896
edge_fusion,719,24,train,0.4799750273773805
edge_fusion,719,24,val,0.35108173006602184
edge_fusion,719,25,train,0.43976030444679787
edge_fusion,719,25,val,0.3617746922478354
edge_fusion,719,26,train,0.36150052033582064
edge_fusion,719,26,val,0.42112771609261895
edge_fusion,719,27,train,0.4074058166777916
edge_fusion,719,27,val,0.39390627478332024
edge_fusion,719,28,train,0.37390560544615303
edge_fusion,719,28,val,0.35115315124661767
edge_fusion,719,29,train,0.3844215296511397
edge_fusion,719,29,val,0.3552230787337571
edge_fusion,719,30,train,0.4285350737258484
edge_fusion,719,30,val,0.3909571171073257
edge_fusion,719,31,train,0.37427104543431255
edge_fusion,719,31,val,0.37840245693140667
edge_fusion,719,32,train,0.34412367516016495
edge_fusion,719,32,val,0.3693800060440727
edge_fusion,719,33,train,0.3404019233250526
edge_fusion,719,33,val,0.3673674257682832
edge_fusion,719,34,train,0.30559318710057853
edge_fusion,719,34,val,0.4057021455025005
edge_fusion,719,35,train,0.3020046077627522
edge_fusion,719,35,val,0.4146995268425306
edge_fusion,719,36,train,0.3493082592828815
edge_fusion,719,36,val,0.3325812229915511
edge_fusion,719,37,train,0.34310462248112195
edge_fusion,719,37,val,0.33819212402542914
edge_fusion,719,38,train,0.33568841426914864
edge_fusion,719,38,val,0.3561405937927155
edge_fusion,719,39,train,0.3517819736740849
edge_fusion,719,39,val,0.32318755864175974
edge_fusion,719,40,train,0.32281815036785977
edge_fusion,719,40,val,0.37534754352495786
edge_fusion,719,41,train,0.34191507043587716
edge_fusion,719,41,val,0.38382670652952655
edge_fusion,719,42,train,0.30715223209216314
edge_fusion,719,42,val,0.408042703560371
edge_fusion,719,43,train,0.34828340580256484
edge_fusion,719,43,val,0.36362067822333766
edge_fusion,719,44,train,0.37039232919093756
edge_fusion,719,44,val,0.36111379680655403
edge_fusion,719,45,train,0.3106626970636015
edge_fusion,719,45,val,0.370596474490402
edge_fusion,719,46,train,0.2872970705575345
edge_fusion,719,46,val,0.368386716893418
edge_fusion,719,47,train,0.33721642760906057
edge_fusion,719,47,val,0.3761706531403532
edge_fusion,719,48,train,0.31813733050985504
edge_fusion,719,48,val,0.3445842157806741
edge_fusion,719,49,train,0.2950422952454492
edge_fusion,719,49,val,0.36686075326954404
edge_fusion,719,50,train,0.330519119608117
edge_fusion,719,50,val,0.35123312627387054
edge_fusion,719,51,train,0.28726846188105554
edge_fusion,719,51,val,0.33185882463251104
edge_fusion,719,52,train,0.30917785699090794
edge_fusion,719,52,val,0.3515343626744814
edge_fusion,719,53,train,0.3255458037870785
edge_fusion,719,53,val,0.3445395800158236
edge_fusion,719,54,train,0.3050570399470804
edge_fusion,719,54,val,0.35153996845375013
edge_fusion,719,55,train,0.3344216430558954
edge_fusion,719,55,val,0.37842755122733507
edge_fusion,719,56,train,0.32282165581479094
edge_fusion,719,56,val,0.3437694080882144
edge_fusion,719,57,train,0.3272779988645201
edge_fusion,719,57,val,0.3463902004004457
edge_fusion,719,58,train,0.28273345003609024
edge_fusion,719,58,val,0.34814900241207103
edge_fusion,719,59,train,0.32298292136662243
edge_fusion,719,59,val,0.3415051748128251
edge_fusion,719,60,train,0.3299232554721327
edge_fusion,719,60,val,0.32401958328280567
edge_fusion,719,61,train,0.3106839662413372
edge_fusion,719,61,val,0.35191902330426256
edge_fusion,719,62,train,0.3201345022004077
edge_fusion,719,62,val,0.34828095698042744
edge_fusion,719,63,train,0.2813733798181174
edge_fusion,719,63,val,0.3274621124491961
edge_fusion,719,64,train,0.3008985095152788
edge_fusion,719,64,val,0.3360046329341141
edge_fusion,719,65,train,0.3140746409430046
edge_fusion,719,65,val,0.3632632653991198
edge_fusion,719,66,train,0.31687478902736305
edge_fusion,719,66,val,0.34146842149858864
edge_fusion,719,67,train,0.323158471493157
edge_fusion,719,67,val,0.3619886858769034
edge_fusion,719,68,train,0.3069262060183803
edge_fusion,719,68,val,0.31984316144314345
edge_fusion,719,69,train,0.3120339932968379
edge_fusion,719,69,val,0.3299828632702057
edge_fusion,719,70,train,0.3043159460660209
edge_fusion,719,70,val,0.34335553249910766
edge_fusion,719,71,train,0.31555659636597655
edge_fusion,719,71,val,0.3583596179389214
edge_fusion,719,72,train,0.3059511856505345
edge_fusion,719,72,val,0.3494613593175972
edge_fusion,719,73,train,0.3065042755790095
edge_fusion,719,73,val,0.3488665465818076
edge_fusion,719,74,train,0.3047167708025886
edge_fusion,719,74,val,0.3603773144423741
edge_fusion,719,75,train,0.3104135503588324
edge_fusion,719,75,val,0.3430254616308145
edge_fusion,719,76,train,0.3112496761494785
edge_fusion,719,76,val,0.34437297464389643
edge_fusion,719,77,train,0.3118898613867911
edge_fusion,719,77,val,0.3375668220010234
edge_fusion,719,78,train,0.3071524079460397
edge_fusion,719,78,val,0.33140089454922134
edge_fusion,719,79,train,0.311153609748238
edge_fusion,719,79,val,0.3449470814454806
edge_fusion,719,80,train,0.2986933513557111
edge_fusion,719,80,val,0.3457716387593698
edge_fusion,719,81,train,0.2969767035723284
edge_fusion,719,81,val,0.33265297297381896
edge_fusion,719,82,train,0.3130430076370674
edge_fusion,719,82,val,0.34280335134936024
edge_fusion,719,83,train,0.3038339143961338
edge_fusion,719,83,val,0.347193033530292
edge_fusion,719,84,train,0.30972076067397447
edge_fusion,719,84,val,0.3353980398940651
edge_fusion,719,85,train,0.3143932780293278
edge_fusion,719,85,val,0.3421278929714623
edge_fusion,719,86,train,0.30575302922702396
edge_fusion,719,86,val,0.33798962891973194
edge_fusion,719,87,train,0.3067516041545672
edge_fusion,719,87,val,0.3391937456920228
edge_fusion,719,88,train,0.30515104041146385
edge_fusion,719,88,val,0.33447513377199745
edge_fusion,719,89,train,0.304855673843616
edge_fusion,719,89,val,0.3387109313109352
edge_fusion,719,90,train,0.31003365374773867
edge_fusion,719,90,val,0.33443407328336766
edge_fusion,719,91,train,0.31891469992962895
edge_fusion,719,91,val,0.3500927759894112
edge_fusion,719,92,train,0.31009440949356887
edge_fusion,719,92,val,0.34625223731074173
edge_fusion,719,93,train,0.31636059562731994
edge_fusion,719,93,val,0.34019032467849397
edge_fusion,719,94,train,0.3086613515248422
edge_fusion,719,94,val,0.33366929675033685
edge_fusion,719,95,train,0.30073172253878744
edge_fusion,719,95,val,0.34246085488902
edge_fusion,719,96,train,0.3091116610458244
edge_fusion,719,96,val,0.3392749514599336
edge_fusion,719,97,train,0.29965647905230447
edge_fusion,719,97,val,0.34231524110916167
edge_fusion,719,98,train,0.30519226328461946
edge_fusion,719,98,val,0.33901472867138827
edge_fusion,719,99,train,0.305475638597376
edge_fusion,719,99,val,0.33900635983296795
edge_fusion,719,100,train,0.3053311343075963
edge_fusion,719,100,val,0.3402306326734682
edge_fusion,881,1,train,1.644654819361623
edge_fusion,881,1,val,0.9007375393871723
edge_fusion,881,2,train,1.370644834652815
edge_fusion,881,2,val,0.8385985405049861
edge_fusion,881,3,train,1.3850099887897087
edge_fusion,881,3,val,0.8962006875335875
edge_fusion,881,4,train,1.2994135757996583
edge_fusion,881,4,val,0.7900950258066197
edge_fusion,881,5,train,1.194199018164404
edge_fusion,881,5,val,0.7147922988236177
edge_fusion,881,6,train,0.9774392395383782
edge_fusion,881,6,val,0.7223114954074129
edge_fusion,881,7,train,0.9519580322115264
edge_fusion,881,7,val,0.6260243906210516
edge_fusion,881,8,train,1.051474059088785
edge_fusion,881,8,val,0.6183922189380935
edge_fusion,881,9,train,0.9419396404490189
edge_fusion,881,9,val,0.7825222739781967
edge_fusion,881,10,train,0.7330322635776523
edge_fusion,881,10,val,0.5182455568429977
edge_fusion,881,11,train,0.7311695661339553
edge_fusion,881,11,val,0.5262641722378782
edge_fusion,881,12,train,0.7714026024291243
edge_fusion,881,12,val,0.564852590128354
edge_fusion,881,13,train,0.6944098047417047
edge_fusion,881,13,val,0.5344075156716448
edge_fusion,881,14,train,0.65686610539378
edge_fusion,881,14,val,0.44830827179853083
edge_fusion,881,15,train,0.6412830646070413
edge_fusion,881,15,val,0.397556417319054
edge_fusion,881,16,train,0.5503157314146371
edge_fusion,881,16,val,0.40929434307647733
edge_fusion,881,17,train,0.5136671435697919
edge_fusion,881,17,val,0.443376119573342
edge_fusion,881,18,train,0.5480234357564839
edge_fusion,881,18,val,0.46569366208309493
edge_fusion,881,19,train,0.4840710948428538
edge_fusion,881,19,val,0.4089448778335455
edge_fusion,881,20,train,0.4749886514369325
edge_fusion,881,20,val,0.4546873329744585
edge_fusion,881,21,train,0.48384268471123143
edge_fusion,881,21,val,0.39867449559378076
edge_fusion,881,22,train,0.49049369962463635
edge_fusion,881,22,val,0.41418455604780485
edge_fusion,881,23,train,0.4694181276001148
edge_fusion,881,23,val,0.4065124642739859
edge_fusion,881,24,train,0.4934648619700373
edge_fusion,881,24,val,0.35874776454826346
edge_fusion,881,25,train,0.42915957448944225
edge_fusion,881,25,val,0.37239624782881153
edge_fusion,881,26,train,0.4127672615494529
edge_fusion,881,26,val,0.4354875156918737
edge_fusion,881,27,train,0.39616797150829697
edge_fusion,881,27,val,0.4078522497413644
edge_fusion,881,28,train,0.42095987069233076
edge_fusion,881,28,val,0.3665704020245948
edge_fusion,881,29,train,0.402843631277439
edge_fusion,881,29,val,0.32964616197767316
edge_fusion,881,30,train,0.37837578938534416
edge_fusion,881,30,val,0.3772892445087271
edge_fusion,881,31,train,0.3808029626917057
edge_fusion,881,31,val,0.3396088510615518
edge_fusion,881,32,train,0.3137765669825832
edge_fusion,881,32,val,0.3640564287480565
edge_fusion,881,33,train,0.40410406784380043
edge_fusion,881,33,val,0.3367206909547343
edge_fusion,881,34,train,0.3550682529199218
edge_fusion,881,34,val,0.3272421473911438
edge_fusion,881,35,train,0.35630959497258746
edge_fusion,881,35,val,0.35354400366790306
edge_fusion,881,36,train,0.3622457753724988
edge_fusion,881,36,val,0.39750039578926544
edge_fusion,881,37,train,0.3354094374712867
edge_fusion,881,37,val,0.37404700786203054
edge_fusion,881,38,train,0.322491725543351
edge_fusion,881,38,val,0.3566994365217857
edge_fusion,881,39,train,0.3626305227766822
edge_fusion,881,39,val,0.33597101578629884
edge_fusion,881,40,train,0.35902415231104834
edge_fusion,881,40,val,0.35955194131818036
edge_fusion,881,41,train,0.3195338848061656
edge_fusion,881,41,val,0.3591867459952721
edge_fusion,881,42,train,0.3513490054486495
edge_fusion,881,42,val,0.3274416117293662
edge_fusion,881,43,train,0.3158122591939867
edge_fusion,881,43,val,0.3186863653435167
edge_fusion,881,44,train,0.3354787961493907
edge_fusion,881,44,val,0.3521980567468274
edge_fusion,881,45,train,0.3152407703542381
edge_fusion,881,45,val,0.34065682746466847
edge_fusion,881,46,train,0.330975898830043
edge_fusion,881,46,val,0.349265646414727
edge_fusion,881,47,train,0.31994661720241774
edge_fusion,881,47,val,0.3366449542582034
edge_fusion,881,48,train,0.35291995378663676
edge_fusion,881,48,val,0.3371637518301717
edge_fusion,881,49,train,0.3454606333481636
edge_fusion,881,49,val,0.3443075892294142
edge_fusion,881,50,train,0.32864593499445344
edge_fusion,881,50,val,0.34195975822152125
edge_fusion,881,51,train,0.3429205377768504
edge_fusion,881,51,val,0.31675253435046336
edge_fusion,881,52,train,0.31681412364406014
edge_fusion,881,52,val,0.34872756785063436
edge_fusion,881,53,train,0.3120029478605307
edge_fusion,881,53,val,0.3349019707074866
edge_fusion,881,54,train,0.34304630863358515
edge_fusion,881,54,val,0.29916310934921975
edge_fusion,881,55,train,0.30534476620416645
edge_fusion,881,55,val,0.37533575726107227
edge_fusion,881,56,train,0.32168983795572237
edge_fusion,881,56,val,0.34255542813297235
edge_fusion,881,57,train,0.31498094305613433
edge_fusion,881,57,val,0.3397827702757268
edge_fusion,881,58,train,0.3272407305774502
edge_fusion,881,58,val,0.33143751956358747
edge_fusion,881,59,train,0.32014942552370024
edge_fusion,881,59,val,0.31044780582867504
edge_fusion,881,60,train,0.33237552796123626
edge_fusion,881,60,val,0.32380862922869313
edge_fusion,881,61,train,0.3512768806909937
edge_fusion,881,61,val,0.36441712632704865
edge_fusion,881,62,train,0.3100294325322139
edge_fusion,881,62,val,0.34583635378656535
edge_fusion,881,63,train,0.31296009741809233
edge_fusion,881,63,val,0.3689997797888398
edge_fusion,881,64,train,0.298832235840258
edge_fusion,881,64,val,0.34359410980033334
edge_fusion,881,65,train,0.3200661933423895
edge_fusion,881,65,val,0.3555116947519273
edge_fusion,881,66,train,0.316612568500503
edge_fusion,881,66,val,0.34883206064965255
edge_fusion,881,67,train,0.3257879027029307
edge_fusion,881,67,val,0.3450545527385184
edge_fusion,881,68,train,0.34805257050053073
edge_fusion,881,68,val,0.341900564135129
edge_fusion,881,69,train,0.32469660761757807
edge_fusion,881,69,val,0.34585844012068095
edge_fusion,881,70,train,0.3178703315219102
edge_fusion,881,70,val,0.3433848639212506
edge_fusion,881,71,train,0.3068405525495704
edge_fusion,881,71,val,0.33374572262093316
edge_fusion,881,72,train,0.32111960463780925
edge_fusion,881,72,val,0.35281409172889333
edge_fusion,881,73,train,0.3266513056961082
edge_fusion,881,73,val,0.344161024816956
edge_fusion,881,74,train,0.33057788495269974
edge_fusion,881,74,val,0.3463125896819114
edge_fusion,881,75,train,0.3350841344741132
edge_fusion,881,75,val,0.3405497132754626
edge_fusion,881,76,train,0.3279575807476948
edge_fusion,881,76,val,0.32651308606865814
edge_fusion,881,77,train,0.33026317401000627
edge_fusion,881,77,val,0.3403317872836144
edge_fusion,881,78,train,0.3229651325716015
edge_fusion,881,78,val,0.3436752970764021
edge_fusion,881,79,train,0.3303439944809936
edge_fusion,881,79,val,0.34557409303562525
edge_fusion,881,80,train,0.32320930431133915
edge_fusion,881,80,val,0.3507906146590305
edge_fusion,881,81,train,0.3255615929975268
edge_fusion,881,81,val,0.33696216149043867
edge_fusion,881,82,train,0.3201713508643897
edge_fusion,881,82,val,0.3343085609174533
edge_fusion,881,83,train,0.3295564740781621
edge_fusion,881,83,val,0.339480843687639
edge_fusion,881,84,train,0.323264502911622
edge_fusion,881,84,val,0.3386428653044869
edge_fusion,881,85,train,0.3190204226396851
edge_fusion,881,85,val,0.3393562317877529
edge_fusion,881,86,train,0.33158894330751065
edge_fusion,881,86,val,0.3418868922210603
edge_fusion,881,87,train,0.32456748463140966
edge_fusion,881,87,val,0.3419120679881559
edge_fusion,881,88,train,0.3291847555670163
edge_fusion,881,88,val,0.3468097207305023
edge_fusion,881,89,train,0.32223457665883404
edge_fusion,881,89,val,0.3282422743502048
edge_fusion,881,90,train,0.3205302716983885
edge_fusion,881,90,val,0.34728013448666195
edge_fusion,881,91,train,0.3223612494878663
edge_fusion,881,91,val,0.34212444711914525
edge_fusion,881,92,train,0.31466948988755633
edge_fusion,881,92,val,0.34598070848488316
edge_fusion,881,93,train,0.319792798547684
edge_fusion,881,93,val,0.3365888682038949
edge_fusion,881,94,train,0.3170472175201954
edge_fusion,881,94,val,0.33862206366606123
edge_fusion,881,95,train,0.3167449223071785
edge_fusion,881,95,val,0.3357383250212991
edge_fusion,881,96,train,0.32379283279538723
edge_fusion,881,96,val,0.33419177400747574
edge_fusion,881,97,train,0.32590745311808317
edge_fusion,881,97,val,0.3367552370050219
edge_fusion,881,98,train,0.31506363161352224
edge_fusion,881,98,val,0.3383393865251364
edge_fusion,881,99,train,0.31885797710689623
edge_fusion,881,99,val,0.3347134150213614
edge_fusion,881,100,train,0.3205964501784822
edge_fusion,881,100,val,0.3429170954018028
edge_fusion,997,1,train,1.237257645170237
edge_fusion,997,1,val,1.0065439124603766
edge_fusion,997,2,train,1.2008217466646947
edge_fusion,997,2,val,0.9111091160123888
edge_fusion,997,3,train,1.074365372830132
edge_fusion,997,3,val,0.7973365873224437
edge_fusion,997,4,train,1.022741507421494
edge_fusion,997,4,val,0.7843212910094783
edge_fusion,997,5,train,0.9475804316677319
edge_fusion,997,5,val,0.7777945513856936
edge_fusion,997,6,train,0.8784807738448803
edge_fusion,997,6,val,0.6892640086820445
edge_fusion,997,7,train,0.9131242735887887
edge_fusion,997,7,val,0.5886429723097305
edge_fusion,997,8,train,0.7698968302672808
edge_fusion,997,8,val,0.6106258207515841
edge_fusion,997,9,train,0.6912202584392276
edge_fusion,997,9,val,0.5198046635374844
edge_fusion,997,10,train,0.5929696924976035
edge_fusion,997,10,val,0.6803001663713025
edge_fusion,997,11,train,0.5719562761426547
edge_fusion,997,11,val,0.4841027699350826
edge_fusion,997,12,train,0.5948352097276076
edge_fusion,997,12,val,0.5409763395751696
edge_fusion,997,13,train,0.5627676654374214
edge_fusion,997,13,val,0.48572734066446016
edge_fusion,997,14,train,0.5225271366771367
edge_fusion,997,14,val,0.5387424708060964
edge_fusion,997,15,train,0.541578991379806
edge_fusion,997,15,val,0.6626268471635925
edge_fusion,997,16,train,0.5071293332179904
edge_fusion,997,16,val,0.5395487773267498
edge_fusion,997,17,train,0.46939585063499223
edge_fusion,997,17,val,0.46959572566876107
edge_fusion,997,18,train,0.41465616838658703
edge_fusion,997,18,val,0.40954608797186687
edge_fusion,997,19,train,0.4257162912252851
edge_fusion,997,19,val,0.427608275702159
edge_fusion,997,20,train,0.36769045099538783
edge_fusion,997,20,val,0.41336711394719966
edge_fusion,997,21,train,0.49634780638700365
edge_fusion,997,21,val,0.4301183938912159
edge_fusion,997,22,train,0.43362503245553896
edge_fusion,997,22,val,0.377892024460158
edge_fusion,997,23,train,0.3956016887887709
edge_fusion,997,23,val,0.4473792053007977
edge_fusion,997,24,train,0.46824803191966613
edge_fusion,997,24,val,0.40447633184593323
edge_fusion,997,25,train,0.4500443627294526
edge_fusion,997,25,val,0.37289027260560037
edge_fusion,997,26,train,0.36791827968823615
edge_fusion,997,26,val,0.44429343105699626
edge_fusion,997,27,train,0.49214890572335757
edge_fusion,997,27,val,0.4349441327423599
edge_fusion,997,28,train,0.355016902404374
edge_fusion,997,28,val,0.4122511752652618
edge_fusion,997,29,train,0.36869708653219013
edge_fusion,997,29,val,0.4027860276628578
edge_fusion,997,30,train,0.41993014096840897
edge_fusion,997,30,val,0.4033159119794035
edge_fusion,997,31,train,0.40238088271964323
edge_fusion,997,31,val,0.3749489268512977
edge_fusion,997,32,train,0.3604672079475684
edge_fusion,997,32,val,0.3770358920640717
edge_fusion,997,33,train,0.3874239857089387
edge_fusion,997,33,val,0.37743140708955153
edge_fusion,997,34,train,0.33907612140320414
edge_fusion,997,34,val,0.3791347249568174
edge_fusion,997,35,train,0.3922936970221202
edge_fusion,997,35,val,0.35563101064964453
edge_fusion,997,36,train,0.372010935308363
edge_fusion,997,36,val,0.2958121044187539
edge_fusion,997,37,train,0.3676828884021442
edge_fusion,997,37,val,0.36131984357642793
edge_fusion,997,38,train,0.4060588261051887
edge_fusion,997,38,val,0.3894657821667573
edge_fusion,997,39,train,0.34828693820957535
edge_fusion,997,39,val,0.3369463918708612
edge_fusion,997,40,train,0.34831228882634213
edge_fusion,997,40,val,0.3601672591056091
edge_fusion,997,41,train,0.38542063832329837
edge_fusion,997,41,val,0.38634927292040455
edge_fusion,997,42,train,0.37255117456996595
edge_fusion,997,42,val,0.3815768163413337
edge_fusion,997,43,train,0.3467992072500669
edge_fusion,997,43,val,0.41881297636923376
edge_fusion,997,44,train,0.33887209071663776
edge_fusion,997,44,val,0.4149182085513186
edge_fusion,997,45,train,0.3399341368272497
edge_fusion,997,45,val,0.37827999153938935
edge_fusion,997,46,train,0.37011730781998453
edge_fusion,997,46,val,0.38619735311601344
edge_fusion,997,47,train,0.3336854729970974
edge_fusion,997,47,val,0.3545806008111847
edge_fusion,997,48,train,0.33550267525071675
edge_fusion,997,48,val,0.394279520227838
edge_fusion,997,49,train,0.3485816560563887
edge_fusion,997,49,val,0.33055862145280623
edge_fusion,997,50,train,0.3421681806688631
edge_fusion,997,50,val,0.37855393156223854
edge_fusion,997,51,train,0.3491027047541416
edge_fusion,997,51,val,0.3852192078136601
edge_fusion,997,52,train,0.3425522720617142
edge_fusion,997,52,val,0.3893637499594775
edge_fusion,997,53,train,0.35190715616569723
edge_fusion,997,53,val,0.3806417295910098
edge_fusion,997,54,train,0.3680969698330438
edge_fusion,997,54,val,0.3758888379966063
edge_fusion,997,55,train,0.3427820377792657
edge_fusion,997,55,val,0.37394688524414743
edge_fusion,997,56,train,0.35321992406929636
edge_fusion,997,56,val,0.33240152320788124
edge_fusion,997,57,train,0.3491731146795514
edge_fusion,997,57,val,0.3840463193021342
edge_fusion,997,58,train,0.3282604024588176
edge_fusion,997,58,val,0.36734694753152514
edge_fusion,997,59,train,0.3418566787603213
edge_fusion,997,59,val,0.38510961235965524
edge_fusion,997,60,train,0.3492070328833135
edge_fusion,997,60,val,0.3612591698280066
edge_fusion,997,61,train,0.3473471501877515
edge_fusion,997,61,val,0.378096700406764
edge_fusion,997,62,train,0.34016706366538363
edge_fusion,997,62,val,0.3740179601574288
edge_fusion,997,63,train,0.32663528389687313
edge_fusion,997,63,val,0.359445610217571
edge_fusion,997,64,train,0.3709610528752589
edge_fusion,997,64,val,0.3566695767521535
edge_fusion,997,65,train,0.3279502613324821
edge_fusion,997,65,val,0.36448304276219345
edge_fusion,997,66,train,0.33804473429402054
edge_fusion,997,66,val,0.3916941937753355
edge_fusion,997,67,train,0.3410015867175062
edge_fusion,997,67,val,0.373902790862419
edge_fusion,997,68,train,0.3317764383840107
edge_fusion,997,68,val,0.3731087434191683
edge_fusion,997,69,train,0.3473559574435545
edge_fusion,997,69,val,0.36786433875388647
edge_fusion,997,70,train,0.3487168490886162
edge_fusion,997,70,val,0.3689530390473454
edge_fusion,997,71,train,0.3268938644118184
edge_fusion,997,71,val,0.3518510404468341
edge_fusion,997,72,train,0.3376772237144228
edge_fusion,997,72,val,0.37791388924555713
edge_fusion,997,73,train,0.3487487738094175
edge_fusion,997,73,val,0.37901656371378123
edge_fusion,997,74,train,0.35038311026894464
edge_fusion,997,74,val,0.36168895076646496
edge_fusion,997,75,train,0.3390859655925798
edge_fusion,997,75,val,0.36684222507168984
edge_fusion,997,76,train,0.35387640974306656
edge_fusion,997,76,val,0.35016349881228526
edge_fusion,997,77,train,0.3309213756800444
edge_fusion,997,77,val,0.37055733222698933
edge_fusion,997,78,train,0.3423886251120981
edge_fusion,997,78,val,0.3671109397829117
edge_fusion,997,79,train,0.3491714534404699
edge_fusion,997,79,val,0.34694316019716925
edge_fusion,997,80,train,0.3425662276063416
edge_fusion,997,80,val,0.3758812036862378
edge_fusion,997,81,train,0.34201053795259917
edge_fusion,997,81,val,0.3560976485442251
edge_fusion,997,82,train,0.3486296718220431
edge_fusion,997,82,val,0.36761788006518886
edge_fusion,997,83,train,0.34762823925417685
edge_fusion,997,83,val,0.35863413295756646
edge_fusion,997,84,train,0.34197717294441016
edge_fusion,997,84,val,0.3584605015578552
edge_fusion,997,85,train,0.352296933576609
edge_fusion,997,85,val,0.36285162556335676
edge_fusion,997,86,train,0.340480535960532
edge_fusion,997,86,val,0.3685379402242853
edge_fusion,997,87,train,0.3340630828203203
edge_fusion,997,87,val,0.3617648644262624
edge_fusion,997,88,train,0.34271707262762985
edge_fusion,997,88,val,0.3655958849266569
edge_fusion,997,89,train,0.34085938569568497
edge_fusion,997,89,val,0.36362308241715585
edge_fusion,997,90,train,0.34607850006630536
edge_fusion,997,90,val,0.36914633554804327
edge_fusion,997,91,train,0.3382243254907219
edge_fusion,997,91,val,0.37506782058914834
edge_fusion,997,92,train,0.349367688101141
edge_fusion,997,92,val,0.3742754214827886
edge_fusion,997,93,train,0.3408332654315966
edge_fusion,997,93,val,0.37271191243130875
edge_fusion,997,94,train,0.3489016704408846
edge_fusion,997,94,val,0.3717431878204632
edge_fusion,997,95,train,0.34021913788036934
edge_fusion,997,95,val,0.3751291365885273
edge_fusion,997,96,train,0.3434780097357789
edge_fusion,997,96,val,0.3654462143330702
edge_fusion,997,97,train,0.3413864151319807
edge_fusion,997,97,val,0.37189888516383685
edge_fusion,997,98,train,0.3354570316539862
edge_fusion,997,98,val,0.37409216893689945
edge_fusion,997,99,train,0.3446060498574371
edge_fusion,997,99,val,0.3705552480313184
edge_fusion,997,100,train,0.3468956409674524
edge_fusion,997,100,val,0.36612830588991574
hims_cdi_mlr,13,1,train,1.4947266819445502
hims_cdi_mlr,13,1,val,0.898021880101373
hims_cdi_mlr,13,2,train,1.097851949185525
hims_cdi_mlr,13,2,val,1.0283492627172715
hims_cdi_mlr,13,3,train,0.8922661424369439
hims_cdi_mlr,13,3,val,0.7073150326246038
hims_cdi_mlr,13,4,train,0.8123811786900456
hims_cdi_mlr,13,4,val,0.6494634109977772
hims_cdi_mlr,13,5,train,0.5740751606893743
hims_cdi_mlr,13,5,val,0.5522190566113266
hims_cdi_mlr,13,6,train,0.5647137092610197
hims_cdi_mlr,13,6,val,0.4873634688856775
hims_cdi_mlr,13,7,train,0.4646166205723767
hims_cdi_mlr,13,7,val,0.5121714368149042
hims_cdi_mlr,13,8,train,0.4328673052382027
hims_cdi_mlr,13,8,val,0.45288007041225353
hims_cdi_mlr,13,9,train,0.3770295144607349
hims_cdi_mlr,13,9,val,0.38746148511373446
hims_cdi_mlr,13,10,train,0.46495222925263324
hims_cdi_mlr,13,10,val,0.4680038622705753
hims_cdi_mlr,13,11,train,0.42894120897380145
hims_cdi_mlr,13,11,val,0.3645187947383066
hims_cdi_mlr,13,12,train,0.3654296070052855
hims_cdi_mlr,13,12,val,0.47395045983259276
hims_cdi_mlr,37,1,train,1.0754459158475644
hims_cdi_mlr,37,1,val,1.077297529298409
hims_cdi_mlr,37,2,train,0.9113097394089846
hims_cdi_mlr,37,2,val,0.9647064117715648
hims_cdi_mlr,37,3,train,0.7222366584063706
hims_cdi_mlr,37,3,val,0.7846061716044591
hims_cdi_mlr,37,4,train,0.5286158934898538
hims_cdi_mlr,37,4,val,0.6471981542919598
hims_cdi_mlr,37,5,train,0.6489301598252408
hims_cdi_mlr,37,5,val,0.5494166700183821
hims_cdi_mlr,37,6,train,0.527669777998911
hims_cdi_mlr,37,6,val,0.6049309488783007
hims_cdi_mlr,37,7,train,0.38850420103153627
hims_cdi_mlr,37,7,val,0.4731783549528435
hims_cdi_mlr,37,8,train,0.5133447971981215
hims_cdi_mlr,37,8,val,0.5620260491551096
hims_cdi_mlr,37,9,train,0.3718301976171202
hims_cdi_mlr,37,9,val,0.4270365156202467
hims_cdi_mlr,37,10,train,0.39890773606657615
hims_cdi_mlr,37,10,val,0.329757778627743
hims_cdi_mlr,37,11,train,0.4631535313597412
hims_cdi_mlr,37,11,val,0.30773610926875633
hims_cdi_mlr,37,12,train,0.42451067351227695
hims_cdi_mlr,37,12,val,0.45392172993639796
hims_cdi_mlr,73,1,train,1.1775667073031797
hims_cdi_mlr,73,1,val,1.1566398207584134
hims_cdi_mlr,73,2,train,1.1246724515469073
hims_cdi_mlr,73,2,val,0.9113212314383803
hims_cdi_mlr,73,3,train,0.8310178242716607
hims_cdi_mlr,73,3,val,0.8104968366537206
hims_cdi_mlr,73,4,train,0.805097441137758
hims_cdi_mlr,73,4,val,0.7590826658519255
hims_cdi_mlr,73,5,train,0.5690549736420537
hims_cdi_mlr,73,5,val,0.6421179767981284
hims_cdi_mlr,73,6,train,0.523500052510556
hims_cdi_mlr,73,6,val,0.5686084402136566
hims_cdi_mlr,73,7,train,0.4420539324122861
hims_cdi_mlr,73,7,val,0.5355816724016776
hims_cdi_mlr,73,8,train,0.4687577208064042
hims_cdi_mlr,73,8,val,0.4704100907195448
hims_cdi_mlr,73,9,train,0.4346292189111191
hims_cdi_mlr,73,9,val,0.4539833483736886
hims_cdi_mlr,73,10,train,0.5789137866271006
hims_cdi_mlr,73,10,val,0.36090613332106286
hims_cdi_mlr,73,11,train,0.2952357327184163
hims_cdi_mlr,73,11,val,0.433284675133594
hims_cdi_mlr,73,12,train,0.4075830363303481
hims_cdi_mlr,73,12,val,0.35439190366955986
hims_cdi_mlr,101,1,train,1.0776055011864454
hims_cdi_mlr,101,1,val,0.9665983181006484
hims_cdi_mlr,101,2,train,0.9520879322589181
hims_cdi_mlr,101,2,val,0.6748818217506396
hims_cdi_mlr,101,3,train,0.852390774477354
hims_cdi_mlr,101,3,val,0.763863343155064
hims_cdi_mlr,101,4,train,0.5440311010000283
hims_cdi_mlr,101,4,val,0.64027354906647
hims_cdi_mlr,101,5,train,0.5466264596236211
hims_cdi_mlr,101,5,val,0.5373471038389115
hims_cdi_mlr,101,6,train,0.4816205442690763
hims_cdi_mlr,101,6,val,0.5793792802314834
hims_cdi_mlr,101,7,train,0.4294286923553442
hims_cdi_mlr,101,7,val,0.478234957370495
hims_cdi_mlr,101,8,train,0.42910100161574305
hims_cdi_mlr,101,8,val,0.5000022437147837
hims_cdi_mlr,101,9,train,0.411686070714265
hims_cdi_mlr,101,9,val,0.47489027420596974
hims_cdi_mlr,101,10,train,0.3666648001585627
hims_cdi_mlr,101,10,val,0.3582349202728435
hims_cdi_mlr,101,11,train,0.4084996780767359
hims_cdi_mlr,101,11,val,0.36658183865887095
hims_cdi_mlr,101,12,train,0.4745035792704955
hims_cdi_mlr,101,12,val,0.35373365059986495
hims_cdi_mlr,211,1,train,1.3657940470052954
hims_cdi_mlr,211,1,val,1.035131653488552
hims_cdi_mlr,211,2,train,0.9512361020391755
hims_cdi_mlr,211,2,val,0.8509471271903705
hims_cdi_mlr,211,3,train,0.8527033908468551
hims_cdi_mlr,211,3,val,0.6716752522629829
hims_cdi_mlr,211,4,train,0.6259997906428874
hims_cdi_mlr,211,4,val,0.632203370465845
hims_cdi_mlr,211,5,train,0.5239371157402835
hims_cdi_mlr,211,5,val,0.47722998720250626
hims_cdi_mlr,211,6,train,0.6188648263091991
hims_cdi_mlr,211,6,val,0.4884357637516072
hims_cdi_mlr,211,7,train,0.44697097442759093
hims_cdi_mlr,211,7,val,0.4449647233616913
hims_cdi_mlr,211,8,train,0.43487860394597105
hims_cdi_mlr,211,8,val,0.5183883209311925
hims_cdi_mlr,211,9,train,0.48956707753678613
hims_cdi_mlr,211,9,val,0.4868601039852567
hims_cdi_mlr,211,10,train,0.412512200811214
hims_cdi_mlr,211,10,val,0.4132347740788126
hims_cdi_mlr,211,11,train,0.5571983125059184
hims_cdi_mlr,211,11,val,0.34598507937198214
hims_cdi_mlr,211,12,train,0.40304836646907793
hims_cdi_mlr,211,12,val,0.4058454768452876
hims_cdi_mlr,421,1,train,1.077271550065865
hims_cdi_mlr,421,1,val,1.0076997523485829
hims_cdi_mlr,421,2,train,0.7941131369288432
hims_cdi_mlr,421,2,val,0.9152776521848109
hims_cdi_mlr,421,3,train,0.8604021016961702
hims_cdi_mlr,421,3,val,0.7185070539349889
hims_cdi_mlr,421,4,train,0.6524392903273826
hims_cdi_mlr,421,4,val,0.6698402328631266
hims_cdi_mlr,421,5,train,0.5899478849890445
hims_cdi_mlr,421,5,val,0.5991941308774167
hims_cdi_mlr,421,6,train,0.4888492170434094
hims_cdi_mlr,421,6,val,0.5452414968367737
hims_cdi_mlr,421,7,train,0.4525404685183837
hims_cdi_mlr,421,7,val,0.4583471060962305
hims_cdi_mlr,421,8,train,0.4685760758627644
hims_cdi_mlr,421,8,val,0.5446166307274936
hims_cdi_mlr,421,9,train,0.4432495418342465
hims_cdi_mlr,421,9,val,0.35574972787511083
hims_cdi_mlr,421,10,train,0.36661622321537024
hims_cdi_mlr,421,10,val,0.45367669217002166
hims_cdi_mlr,421,11,train,0.41254725275353626
hims_cdi_mlr,421,11,val,0.4981823322315127
hims_cdi_mlr,421,12,train,0.36233999947389417
hims_cdi_mlr,421,12,val,0.4923079413295834
hims_cdi_mlr,563,1,train,1.1610000165830079
hims_cdi_mlr,563,1,val,0.957311656942156
hims_cdi_mlr,563,2,train,0.7978441712478791
hims_cdi_mlr,563,2,val,0.7918596022744522
hims_cdi_mlr,563,3,train,0.7184804901831814
hims_cdi_mlr,563,3,val,0.6867330104117855
hims_cdi_mlr,563,4,train,0.6073806627335622
hims_cdi_mlr,563,4,val,0.5318632951036346
hims_cdi_mlr,563,5,train,0.49707692417494836
hims_cdi_mlr,563,5,val,0.4709337764862367
hims_cdi_mlr,563,6,train,0.44869341685631237
hims_cdi_mlr,563,6,val,0.4962181885351782
hims_cdi_mlr,563,7,train,0.33867610862831365
hims_cdi_mlr,563,7,val,0.45300779372476274
hims_cdi_mlr,563,8,train,0.4080740782346378
hims_cdi_mlr,563,8,val,0.4736253565837179
hims_cdi_mlr,563,9,train,0.3454199453184568
hims_cdi_mlr,563,9,val,0.5345681284062844
hims_cdi_mlr,563,10,train,0.459416329222196
hims_cdi_mlr,563,10,val,0.48091273083591735
hims_cdi_mlr,563,11,train,0.36827918956331457
hims_cdi_mlr,563,11,val,0.40795290953529734
hims_cdi_mlr,563,12,train,0.37272422815007433
hims_cdi_mlr,563,12,val,0.4459493996604053
hims_cdi_mlr,719,1,train,1.0498272784698406
hims_cdi_mlr,719,1,val,1.1165807245828483
hims_cdi_mlr,719,2,train,0.8213722864946525
hims_cdi_mlr,719,2,val,1.0114962748470158
hims_cdi_mlr,719,3,train,0.724549485497483
hims_cdi_mlr,719,3,val,0.9027134740483937
hims_cdi_mlr,719,4,train,0.6380637065567046
hims_cdi_mlr,719,4,val,0.6875240850153304
hims_cdi_mlr,719,5,train,0.5603849688178031
hims_cdi_mlr,719,5,val,0.6937273528429844
hims_cdi_mlr,719,6,train,0.5593229988310922
hims_cdi_mlr,719,6,val,0.589914421812024
hims_cdi_mlr,719,7,train,0.4805456003732005
hims_cdi_mlr,719,7,val,0.49226607187762317
hims_cdi_mlr,719,8,train,0.49403230572448803
hims_cdi_mlr,719,8,val,0.4621804903181936
hims_cdi_mlr,719,9,train,0.4205543816825512
hims_cdi_mlr,719,9,val,0.48487017107310854
hims_cdi_mlr,719,10,train,0.527576248469356
hims_cdi_mlr,719,10,val,0.454941285288176
hims_cdi_mlr,719,11,train,0.2972028917901771
hims_cdi_mlr,719,11,val,0.41418589425078617
hims_cdi_mlr,719,12,train,0.4186800065389979
hims_cdi_mlr,719,12,val,0.42769312970050716
hims_cdi_mlr,881,1,train,1.2463238427975292
hims_cdi_mlr,881,1,val,0.8828252721318033
hims_cdi_mlr,881,2,train,0.9990977936422394
hims_cdi_mlr,881,2,val,0.8332166713327263
hims_cdi_mlr,881,3,train,0.8052453463352106
hims_cdi_mlr,881,3,val,0.6224520095816771
hims_cdi_mlr,881,4,train,0.7802593868270984
hims_cdi_mlr,881,4,val,0.6769176982733778
hims_cdi_mlr,881,5,train,0.5887539292164221
hims_cdi_mlr,881,5,val,0.4865261485304402
hims_cdi_mlr,881,6,train,0.543071880907278
hims_cdi_mlr,881,6,val,0.36789904379709376
hims_cdi_mlr,881,7,train,0.4132652739702828
hims_cdi_mlr,881,7,val,0.5173328282119867
hims_cdi_mlr,881,8,train,0.5339846830634368
hims_cdi_mlr,881,8,val,0.34801949239752716
hims_cdi_mlr,881,9,train,0.4632722342843107
hims_cdi_mlr,881,9,val,0.4170697315537046
hims_cdi_mlr,881,10,train,0.400691856144554
hims_cdi_mlr,881,10,val,0.378536669012166
hims_cdi_mlr,881,11,train,0.408127390739238
hims_cdi_mlr,881,11,val,0.4660822528353512
hims_cdi_mlr,881,12,train,0.454981146011976
hims_cdi_mlr,881,12,val,0.4101909353897517
hims_cdi_mlr,997,1,train,1.2583447140727764
hims_cdi_mlr,997,1,val,1.0469573599089206
hims_cdi_mlr,997,2,train,0.9751916510605069
hims_cdi_mlr,997,2,val,0.8963773012339636
hims_cdi_mlr,997,3,train,0.8626941601331488
hims_cdi_mlr,997,3,val,0.7863305619671607
hims_cdi_mlr,997,4,train,0.7069452730710069
hims_cdi_mlr,997,4,val,0.6377457374175396
hims_cdi_mlr,997,5,train,0.6522474849769351
hims_cdi_mlr,997,5,val,0.6816968207265028
hims_cdi_mlr,997,6,train,0.5499077258757202
hims_cdi_mlr,997,6,val,0.5470717470421903
hims_cdi_mlr,997,7,train,0.4306929285639991
hims_cdi_mlr,997,7,val,0.5388217228663222
hims_cdi_mlr,997,8,train,0.6400863340767853
hims_cdi_mlr,997,8,val,0.4890744961827669
hims_cdi_mlr,997,9,train,0.46622287213556507
hims_cdi_mlr,997,9,val,0.4840805120955917
hims_cdi_mlr,997,10,train,0.42328922466723956
hims_cdi_mlr,997,10,val,0.48380918379043814
hims_cdi_mlr,997,11,train,0.3726122679245018
hims_cdi_mlr,997,11,val,0.41001059628447944
hims_cdi_mlr,997,12,train,0.41159631151312864
hims_cdi_mlr,997,12,val,0.48331656576149296
